number,topic,kind,confidence
8,apps_packages,bug_fix,high
10,shell_ui,bug_fix,high
13,hardware_drivers,feature,medium
15,shell_ui,bug_fix,high
20,cli_repo_misc,docs,high
22,terminal_dev_env,feature,high
25,apps_packages,packaging,high
27,security_auth,feature,high
28,terminal_dev_env,feature,high
29,shell_ui,bug_fix,high
31,install_update,bug_fix,high
37,theming_appearance,feature,high
40,terminal_dev_env,feature,high
42,terminal_dev_env,feature,high
43,apps_packages,packaging,high
44,hyprland_windowing,feature,high
47,hyprland_windowing,feature,high
48,theming_appearance,feature,high
49,theming_appearance,refactor,high
51,apps_packages,packaging,high
52,theming_appearance,feature,high
53,shell_ui,bug_fix,high
54,security_auth,feature,high
55,hyprland_windowing,bug_fix,high
56,terminal_dev_env,feature,high
58,shell_ui,feature,high
65,shell_ui,feature,high
68,terminal_dev_env,feature,high
69,security_auth,bug_fix,high
70,shell_ui,feature,high
71,shell_ui,feature,high
76,hardware_drivers,feature,high
77,shell_ui,feature,high
78,display_capture,feature,high
79,hardware_drivers,bug_fix,high
80,terminal_dev_env,feature,high
81,display_capture,feature,high
84,shell_ui,feature,high
85,shell_ui,feature,high
86,apps_packages,bug_fix,medium
91,shell_ui,feature,high
96,hyprland_windowing,feature,high
97,hyprland_windowing,feature,high
101,shell_ui,feature,high
102,theming_appearance,feature,high
103,apps_packages,bug_fix,high
108,install_update,feature,high
113,security_auth,security,high
116,cli_repo_misc,feature,high
117,terminal_dev_env,feature,high
118,shell_ui,feature,high
119,theming_appearance,refactor,high
121,power_session,feature,high
122,install_update,feature,high
123,apps_packages,packaging,high
130,shell_ui,feature,high
131,shell_ui,bug_fix,high
135,security_auth,bug_fix,high
143,hyprland_windowing,feature,high
144,shell_ui,feature,high
145,cli_repo_misc,other,low
147,hyprland_windowing,feature,high
149,install_update,feature,high
150,theming_appearance,feature,high
151,install_update,feature,high
152,hyprland_windowing,feature,high
154,theming_appearance,feature,high
156,shell_ui,feature,high
158,shell_ui,feature,high
161,display_capture,feature,high
164,theming_appearance,feature,high
165,theming_appearance,feature,high
167,shell_ui,feature,high
169,shell_ui,refactor,high
171,security_auth,feature,high
172,security_auth,feature,high
174,terminal_dev_env,feature,high
178,security_auth,feature,high
180,security_auth,feature,high
181,hardware_drivers,bug_fix,high
182,cli_repo_misc,refactor,high
183,apps_packages,feature,high
184,shell_ui,bug_fix,high
189,terminal_dev_env,performance,high
192,shell_ui,bug_fix,high
193,terminal_dev_env,feature,high
194,theming_appearance,bug_fix,high
202,shell_ui,refactor,high
206,apps_packages,packaging,high
210,networking,bug_fix,high
211,theming_appearance,feature,high
212,theming_appearance,feature,high
215,cli_repo_misc,refactor,high
219,install_update,bug_fix,high
220,install_update,bug_fix,high
221,hyprland_windowing,feature,high
225,apps_packages,packaging,high
226,install_update,refactor,high
229,security_auth,feature,high
230,networking,feature,high
231,display_capture,feature,high
233,install_update,bug_fix,low
242,cli_repo_misc,docs,high
243,theming_appearance,bug_fix,high
245,cli_repo_misc,feature,high
252,shell_ui,bug_fix,high
258,shell_ui,bug_fix,high
260,hyprland_windowing,feature,high
261,hyprland_windowing,bug_fix,high
262,apps_packages,packaging,high
264,display_capture,feature,high
268,theming_appearance,bug_fix,high
270,shell_ui,feature,high
271,terminal_dev_env,feature,high
273,hyprland_windowing,feature,high
274,shell_ui,feature,high
278,display_capture,feature,high
279,apps_packages,feature,high
281,apps_packages,feature,high
286,install_update,feature,high
288,shell_ui,feature,high
289,cli_repo_misc,feature,high
294,shell_ui,feature,high
295,install_update,bug_fix,high
297,apps_packages,feature,high
298,hyprland_windowing,feature,high
299,display_capture,feature,high
300,shell_ui,feature,high
301,shell_ui,bug_fix,high
302,shell_ui,bug_fix,high
303,theming_appearance,feature,medium
307,terminal_dev_env,feature,high
308,terminal_dev_env,feature,high
309,hyprland_windowing,feature,high
314,power_session,feature,high
316,apps_packages,packaging,high
318,terminal_dev_env,feature,high
321,install_update,feature,high
322,display_capture,feature,high
324,display_capture,feature,high
325,shell_ui,feature,high
333,theming_appearance,refactor,high
335,apps_packages,packaging,high
337,terminal_dev_env,bug_fix,high
339,hardware_drivers,feature,high
340,terminal_dev_env,bug_fix,high
342,display_capture,feature,high
343,install_update,bug_fix,high
346,theming_appearance,feature,high
347,cli_repo_misc,feature,high
350,terminal_dev_env,feature,high
351,install_update,feature,high
357,install_update,bug_fix,low
358,theming_appearance,feature,high
359,install_update,bug_fix,high
361,cli_repo_misc,feature,high
363,hyprland_windowing,feature,high
364,hyprland_windowing,feature,high
367,hardware_drivers,feature,low
368,install_update,refactor,high
369,install_update,feature,high
371,hyprland_windowing,feature,high
377,install_update,feature,high
378,install_update,feature,high
379,hyprland_windowing,feature,high
380,hyprland_windowing,bug_fix,high
382,cli_repo_misc,feature,high
384,theming_appearance,feature,high
385,install_update,feature,high
386,shell_ui,feature,high
387,terminal_dev_env,feature,high
388,shell_ui,refactor,high
389,power_session,feature,high
390,power_session,feature,high
393,install_update,bug_fix,high
396,shell_ui,feature,high
402,shell_ui,feature,high
403,theming_appearance,bug_fix,high
406,install_update,feature,high
408,install_update,bug_fix,high
411,install_update,feature,high
414,hyprland_windowing,feature,high
419,install_update,feature,high
421,power_session,bug_fix,high
425,shell_ui,bug_fix,high
430,security_auth,feature,high
431,terminal_dev_env,feature,high
438,terminal_dev_env,feature,high
439,terminal_dev_env,feature,high
440,terminal_dev_env,bug_fix,high
443,apps_packages,packaging,high
444,shell_ui,feature,high
447,display_capture,feature,high
449,theming_appearance,bug_fix,low
454,hardware_drivers,feature,high
459,install_update,bug_fix,high
461,power_session,feature,high
462,apps_packages,feature,high
464,shell_ui,feature,high
465,power_session,feature,high
466,apps_packages,feature,high
470,terminal_dev_env,feature,high
471,power_session,bug_fix,high
474,cli_repo_misc,performance,high
475,install_update,bug_fix,high
481,install_update,security,high
489,shell_ui,feature,high
490,cli_repo_misc,feature,high
491,apps_packages,packaging,high
494,security_auth,bug_fix,high
496,shell_ui,bug_fix,high
505,theming_appearance,bug_fix,high
506,apps_packages,performance,high
507,hardware_drivers,bug_fix,high
510,terminal_dev_env,feature,high
512,hyprland_windowing,feature,high
513,shell_ui,feature,medium
514,theming_appearance,feature,high
515,networking,feature,high
518,shell_ui,bug_fix,high
521,networking,bug_fix,high
522,cli_repo_misc,bug_fix,low
525,cli_repo_misc,feature,high
526,power_session,bug_fix,high
529,terminal_dev_env,feature,high
533,theming_appearance,bug_fix,high
539,cli_repo_misc,docs,high
541,shell_ui,bug_fix,high
548,theming_appearance,feature,high
553,power_session,feature,high
554,shell_ui,bug_fix,high
560,terminal_dev_env,feature,low
561,install_update,bug_fix,high
562,cli_repo_misc,feature,high
563,shell_ui,feature,high
564,security_auth,feature,high
565,cli_repo_misc,feature,high
566,cli_repo_misc,feature,high
567,apps_packages,packaging,high
568,theming_appearance,bug_fix,high
569,shell_ui,feature,high
570,shell_ui,feature,high
576,install_update,feature,high
578,shell_ui,bug_fix,high
585,install_update,bug_fix,high
589,theming_appearance,feature,high
592,apps_packages,bug_fix,high
594,terminal_dev_env,feature,high
595,terminal_dev_env,feature,high
596,apps_packages,feature,medium
597,terminal_dev_env,feature,high
598,terminal_dev_env,feature,high
599,terminal_dev_env,feature,high
600,terminal_dev_env,feature,medium
608,hyprland_windowing,feature,high
609,terminal_dev_env,feature,medium
610,install_update,other,low
612,apps_packages,packaging,high
615,terminal_dev_env,feature,high
618,terminal_dev_env,refactor,medium
624,terminal_dev_env,refactor,medium
625,terminal_dev_env,feature,high
628,install_update,feature,high
630,terminal_dev_env,bug_fix,high
631,security_auth,security,high
636,shell_ui,feature,high
638,install_update,feature,high
641,power_session,bug_fix,high
644,security_auth,bug_fix,high
646,power_session,feature,high
652,hyprland_windowing,feature,high
656,hyprland_windowing,feature,high
657,install_update,feature,high
660,theming_appearance,feature,high
663,hyprland_windowing,feature,high
664,power_session,feature,high
666,power_session,bug_fix,high
668,cli_repo_misc,docs,medium
669,display_capture,bug_fix,high
670,audio_media,feature,high
672,shell_ui,bug_fix,high
675,terminal_dev_env,bug_fix,high
676,terminal_dev_env,feature,high
677,audio_media,feature,high
678,cli_repo_misc,refactor,medium
679,networking,feature,high
683,power_session,feature,high
684,install_update,bug_fix,high
686,security_auth,security,high
687,power_session,bug_fix,high
689,security_auth,feature,high
692,hardware_drivers,bug_fix,high
695,install_update,feature,high
696,networking,feature,high
699,install_update,feature,high
701,shell_ui,feature,high
703,apps_packages,feature,high
705,install_update,bug_fix,high
706,hyprland_windowing,feature,high
707,theming_appearance,feature,high
708,apps_packages,packaging,high
709,shell_ui,feature,high
710,install_update,bug_fix,high
712,terminal_dev_env,bug_fix,high
715,hyprland_windowing,feature,high
719,theming_appearance,feature,high
725,install_update,feature,high
726,install_update,feature,high
730,security_auth,feature,high
733,install_update,bug_fix,high
735,power_session,bug_fix,medium
737,theming_appearance,feature,medium
741,cli_repo_misc,docs,high
742,power_session,refactor,high
746,install_update,feature,high
751,agents_ai,feature,high
752,networking,feature,high
753,install_update,feature,high
754,shell_ui,feature,high
755,display_capture,bug_fix,high
759,hyprland_windowing,refactor,high
760,hyprland_windowing,bug_fix,high
761,theming_appearance,feature,high
763,power_session,feature,high
765,hyprland_windowing,feature,high
766,install_update,feature,high
769,hyprland_windowing,feature,high
770,theming_appearance,feature,high
771,hyprland_windowing,feature,high
778,cli_repo_misc,docs,high
784,power_session,feature,high
788,terminal_dev_env,feature,high
790,shell_ui,feature,high
791,theming_appearance,feature,high
794,networking,bug_fix,high
795,cli_repo_misc,feature,high
798,install_update,bug_fix,high
799,apps_packages,feature,high
800,theming_appearance,feature,high
801,hyprland_windowing,feature,high
802,install_update,feature,high
806,install_update,bug_fix,high
807,terminal_dev_env,bug_fix,high
808,terminal_dev_env,refactor,high
809,theming_appearance,feature,medium
812,networking,feature,high
814,hyprland_windowing,feature,high
816,install_update,feature,high
818,security_auth,feature,high
819,install_update,bug_fix,high
820,cli_repo_misc,bug_fix,medium
822,apps_packages,bug_fix,high
823,install_update,feature,high
835,hyprland_windowing,feature,high
837,cli_repo_misc,docs,low
838,hyprland_windowing,feature,high
842,theming_appearance,feature,high
843,theming_appearance,feature,high
844,hyprland_windowing,feature,high
847,shell_ui,bug_fix,high
852,shell_ui,feature,high
853,theming_appearance,feature,high
858,shell_ui,feature,high
861,install_update,bug_fix,high
862,install_update,bug_fix,high
863,power_session,feature,high
865,terminal_dev_env,feature,high
866,hardware_drivers,feature,high
868,install_update,feature,high
870,apps_packages,feature,high
871,apps_packages,feature,high
872,apps_packages,feature,high
873,shell_ui,bug_fix,high
874,hyprland_windowing,feature,high
875,install_update,feature,high
876,install_update,feature,high
879,theming_appearance,feature,high
881,terminal_dev_env,feature,high
884,shell_ui,feature,high
887,install_update,feature,high
888,hyprland_windowing,bug_fix,high
889,theming_appearance,feature,high
890,hyprland_windowing,feature,high
891,power_session,feature,high
897,apps_packages,feature,high
904,install_update,bug_fix,medium
905,install_update,feature,high
906,hardware_drivers,bug_fix,high
909,display_capture,packaging,high
910,display_capture,packaging,high
911,cli_repo_misc,feature,high
913,cli_repo_misc,docs,high
914,install_update,feature,medium
917,theming_appearance,feature,high
919,security_auth,feature,high
920,install_update,feature,high
921,terminal_dev_env,feature,high
922,hyprland_windowing,feature,high
924,install_update,feature,high
925,hyprland_windowing,feature,high
926,hyprland_windowing,feature,high
928,apps_packages,feature,high
931,power_session,bug_fix,high
934,hardware_drivers,feature,high
935,hyprland_windowing,feature,high
937,hyprland_windowing,feature,high
939,install_update,bug_fix,high
941,audio_media,feature,high
942,display_capture,feature,high
943,terminal_dev_env,feature,high
945,theming_appearance,feature,high
946,terminal_dev_env,feature,high
947,theming_appearance,feature,high
950,hardware_drivers,feature,high
962,apps_packages,feature,high
964,install_update,bug_fix,high
966,terminal_dev_env,packaging,medium
967,audio_media,refactor,high
968,apps_packages,feature,high
969,terminal_dev_env,packaging,high
970,hyprland_windowing,feature,high
971,install_update,bug_fix,high
972,apps_packages,feature,high
973,theming_appearance,feature,high
977,shell_ui,feature,high
980,hyprland_windowing,feature,high
981,install_update,bug_fix,high
983,display_capture,feature,high
989,terminal_dev_env,feature,high
990,cli_repo_misc,docs,high
992,theming_appearance,feature,high
993,theming_appearance,feature,high
995,hardware_drivers,feature,high
996,shell_ui,feature,high
999,cli_repo_misc,feature,low
1001,theming_appearance,bug_fix,high
1003,install_update,feature,high
1005,shell_ui,refactor,high
1008,theming_appearance,feature,high
1011,apps_packages,feature,high
1016,apps_packages,feature,high
1017,shell_ui,feature,high
1021,networking,feature,high
1023,theming_appearance,feature,high
1029,hyprland_windowing,refactor,high
1030,install_update,feature,high
1031,install_update,feature,high
1034,shell_ui,feature,medium
1035,networking,bug_fix,high
1036,apps_packages,feature,high
1037,install_update,bug_fix,high
1041,power_session,bug_fix,high
1042,networking,feature,high
1043,networking,feature,high
1044,apps_packages,feature,high
1045,hardware_drivers,refactor,high
1046,networking,feature,high
1048,terminal_dev_env,feature,high
1050,security_auth,bug_fix,high
1054,terminal_dev_env,feature,high
1056,shell_ui,feature,high
1058,cli_repo_misc,bug_fix,high
1060,terminal_dev_env,feature,high
1070,networking,feature,high
1074,terminal_dev_env,bug_fix,high
1076,apps_packages,feature,high
1078,apps_packages,feature,high
1080,shell_ui,feature,high
1084,theming_appearance,bug_fix,high
1085,terminal_dev_env,feature,high
1086,shell_ui,feature,high
1087,apps_packages,bug_fix,high
1089,apps_packages,bug_fix,high
1090,apps_packages,feature,high
1091,shell_ui,bug_fix,high
1093,shell_ui,feature,high
1094,hyprland_windowing,feature,high
1095,terminal_dev_env,feature,high
1098,hyprland_windowing,refactor,high
1100,shell_ui,bug_fix,high
1101,theming_appearance,bug_fix,high
1103,shell_ui,bug_fix,high
1104,shell_ui,feature,high
1105,terminal_dev_env,bug_fix,high
1106,shell_ui,feature,high
1107,networking,feature,high
1114,shell_ui,bug_fix,high
1119,shell_ui,feature,high
1121,install_update,bug_fix,high
1123,install_update,bug_fix,high
1124,install_update,feature,high
1126,install_update,feature,high
1136,theming_appearance,feature,high
1141,install_update,bug_fix,high
1143,hardware_drivers,bug_fix,medium
1144,apps_packages,feature,high
1145,terminal_dev_env,feature,high
1146,apps_packages,feature,high
1149,apps_packages,packaging,high
1152,shell_ui,bug_fix,high
1156,cli_repo_misc,feature,high
1158,apps_packages,feature,medium
1160,install_update,bug_fix,high
1163,install_update,bug_fix,high
1167,shell_ui,feature,high
1169,hardware_drivers,feature,high
1171,apps_packages,feature,high
1173,install_update,bug_fix,high
1177,install_update,feature,high
1178,power_session,feature,high
1184,power_session,feature,high
1186,hyprland_windowing,feature,high
1188,install_update,bug_fix,high
1190,apps_packages,feature,high
1192,shell_ui,feature,high
1196,shell_ui,feature,medium
1198,terminal_dev_env,feature,high
1201,terminal_dev_env,feature,high
1202,shell_ui,feature,high
1207,cli_repo_misc,feature,high
1209,cli_repo_misc,other,low
1215,hyprland_windowing,feature,high
1218,hyprland_windowing,feature,high
1222,hyprland_windowing,feature,high
1228,shell_ui,feature,high
1233,shell_ui,bug_fix,high
1234,display_capture,feature,high
1235,theming_appearance,other,low
1236,power_session,bug_fix,high
1238,terminal_dev_env,feature,high
1240,shell_ui,feature,high
1241,display_capture,feature,high
1242,theming_appearance,feature,high
1244,display_capture,feature,high
1245,cli_repo_misc,docs,high
1248,install_update,feature,high
1249,power_session,bug_fix,high
1250,install_update,performance,high
1251,theming_appearance,feature,high
1252,cli_repo_misc,feature,medium
1255,agents_ai,feature,high
1259,apps_packages,feature,high
1260,networking,feature,high
1262,display_capture,feature,high
1263,install_update,feature,high
1265,apps_packages,bug_fix,high
1266,apps_packages,feature,high
1268,hyprland_windowing,feature,high
1271,install_update,bug_fix,high
1272,theming_appearance,feature,high
1274,theming_appearance,feature,high
1275,theming_appearance,feature,high
1277,theming_appearance,feature,high
1278,terminal_dev_env,feature,high
1279,networking,packaging,high
1287,install_update,feature,high
1290,shell_ui,docs,high
1292,terminal_dev_env,feature,high
1294,shell_ui,feature,high
1296,theming_appearance,feature,high
1299,terminal_dev_env,feature,high
1302,shell_ui,feature,high
1303,power_session,feature,high
1304,theming_appearance,feature,high
1305,theming_appearance,feature,medium
1306,theming_appearance,feature,high
1308,terminal_dev_env,feature,high
1310,theming_appearance,bug_fix,high
1311,install_update,bug_fix,high
1312,install_update,bug_fix,high
1313,hardware_drivers,feature,high
1314,install_update,bug_fix,high
1319,apps_packages,feature,high
1320,shell_ui,feature,high
1321,theming_appearance,feature,high
1323,terminal_dev_env,feature,high
1324,hyprland_windowing,feature,high
1327,apps_packages,feature,high
1330,shell_ui,feature,high
1333,apps_packages,feature,medium
1341,security_auth,feature,high
1343,hardware_drivers,feature,high
1353,cli_repo_misc,feature,high
1354,terminal_dev_env,feature,high
1360,terminal_dev_env,refactor,high
1365,apps_packages,feature,high
1368,hardware_drivers,feature,high
1370,terminal_dev_env,bug_fix,high
1372,apps_packages,packaging,high
1373,hyprland_windowing,feature,high
1374,shell_ui,feature,high
1376,shell_ui,bug_fix,high
1380,shell_ui,bug_fix,high
1385,apps_packages,packaging,high
1386,shell_ui,feature,high
1393,install_update,bug_fix,high
1395,cli_repo_misc,docs,high
1398,apps_packages,feature,high
1399,terminal_dev_env,feature,high
1400,shell_ui,feature,high
1405,audio_media,feature,high
1408,terminal_dev_env,feature,medium
1409,hyprland_windowing,feature,high
1411,shell_ui,feature,high
1412,terminal_dev_env,feature,medium
1413,power_session,feature,high
1417,power_session,feature,high
1420,terminal_dev_env,feature,high
1421,hyprland_windowing,bug_fix,high
1424,apps_packages,feature,high
1426,theming_appearance,bug_fix,high
1427,apps_packages,bug_fix,high
1429,security_auth,bug_fix,high
1433,apps_packages,feature,high
1436,agents_ai,feature,high
1437,apps_packages,feature,high
1438,display_capture,feature,high
1439,power_session,feature,high
1443,hyprland_windowing,feature,high
1444,apps_packages,feature,high
1446,networking,feature,medium
1452,networking,bug_fix,high
1456,security_auth,feature,high
1458,apps_packages,feature,high
1459,terminal_dev_env,feature,high
1460,cli_repo_misc,other,low
1465,shell_ui,feature,high
1470,theming_appearance,feature,high
1471,display_capture,feature,high
1474,audio_media,feature,high
1477,apps_packages,feature,low
1479,shell_ui,feature,high
1480,apps_packages,feature,high
1482,shell_ui,feature,high
1484,shell_ui,feature,high
1489,display_capture,docs,high
1491,agents_ai,feature,high
1493,apps_packages,feature,high
1497,power_session,feature,high
1498,shell_ui,feature,high
1503,display_capture,feature,high
1506,apps_packages,feature,high
1511,power_session,feature,high
1514,networking,bug_fix,high
1515,theming_appearance,feature,high
1516,theming_appearance,feature,high
1517,agents_ai,feature,high
1518,apps_packages,feature,high
1519,agents_ai,feature,high
1523,agents_ai,feature,high
1524,apps_packages,packaging,high
1529,theming_appearance,feature,medium
1536,apps_packages,feature,high
1538,theming_appearance,feature,high
1539,shell_ui,feature,high
1541,networking,feature,high
1542,apps_packages,feature,high
1543,security_auth,security,high
1544,security_auth,security,high
1546,shell_ui,bug_fix,high
1550,networking,feature,high
1551,hardware_drivers,feature,high
1554,networking,feature,high
1555,audio_media,bug_fix,high
1558,cli_repo_misc,other,low
1559,display_capture,bug_fix,high
1561,shell_ui,feature,high
1562,apps_packages,bug_fix,high
1570,hyprland_windowing,feature,high
1577,hyprland_windowing,feature,high
1581,terminal_dev_env,feature,high
1582,shell_ui,bug_fix,high
1584,hyprland_windowing,feature,high
1585,hyprland_windowing,feature,high
1587,shell_ui,bug_fix,high
1589,theming_appearance,feature,medium
1592,hyprland_windowing,bug_fix,high
1593,hyprland_windowing,bug_fix,high
1596,hyprland_windowing,refactor,high
1599,terminal_dev_env,bug_fix,high
1601,terminal_dev_env,feature,high
1603,audio_media,bug_fix,high
1611,security_auth,feature,high
1618,hyprland_windowing,feature,high
1629,shell_ui,feature,high
1630,hardware_drivers,bug_fix,high
1633,networking,feature,high
1637,hyprland_windowing,feature,high
1638,shell_ui,bug_fix,high
1639,hardware_drivers,feature,medium
1644,power_session,feature,high
1646,power_session,feature,high
1648,terminal_dev_env,feature,high
1653,apps_packages,feature,high
1655,cli_repo_misc,refactor,high
1661,terminal_dev_env,feature,high
1662,theming_appearance,feature,high
1668,apps_packages,feature,high
1671,cli_repo_misc,other,low
1673,shell_ui,feature,high
1674,shell_ui,bug_fix,high
1678,audio_media,feature,high
1679,hyprland_windowing,feature,high
1685,display_capture,feature,high
1686,power_session,bug_fix,high
1687,power_session,bug_fix,high
1689,cli_repo_misc,bug_fix,high
1693,apps_packages,bug_fix,high
1700,theming_appearance,bug_fix,high
1702,terminal_dev_env,feature,high
1703,hyprland_windowing,feature,medium
1706,cli_repo_misc,docs,high
1708,security_auth,feature,high
1711,theming_appearance,bug_fix,high
1718,terminal_dev_env,feature,high
1725,shell_ui,feature,high
1726,security_auth,feature,high
1730,apps_packages,feature,high
1735,theming_appearance,feature,high
1737,apps_packages,feature,high
1740,terminal_dev_env,feature,high
1745,cli_repo_misc,other,low
1747,hyprland_windowing,feature,high
1748,hyprland_windowing,feature,high
1753,terminal_dev_env,feature,high
1755,apps_packages,feature,high
1756,terminal_dev_env,feature,high
1757,install_update,performance,high
1758,cli_repo_misc,feature,high
1759,terminal_dev_env,feature,high
1760,apps_packages,feature,high
1763,install_update,feature,high
1765,hyprland_windowing,bug_fix,high
1766,hardware_drivers,feature,high
1773,apps_packages,feature,high
1774,terminal_dev_env,bug_fix,high
1777,hardware_drivers,feature,medium
1778,terminal_dev_env,bug_fix,high
1779,hardware_drivers,feature,medium
1780,cli_repo_misc,other,low
1781,terminal_dev_env,bug_fix,high
1783,power_session,bug_fix,high
1789,terminal_dev_env,bug_fix,high
1795,terminal_dev_env,feature,high
1796,hyprland_windowing,feature,high
1801,theming_appearance,bug_fix,high
1807,hyprland_windowing,bug_fix,high
1811,theming_appearance,feature,high
1812,hyprland_windowing,feature,high
1815,install_update,refactor,medium
1823,shell_ui,refactor,high
1824,shell_ui,feature,high
1827,theming_appearance,feature,high
1830,display_capture,bug_fix,high
1831,shell_ui,feature,high
1835,install_update,bug_fix,high
1836,theming_appearance,feature,high
1838,hyprland_windowing,bug_fix,high
1843,apps_packages,feature,high
1845,install_update,bug_fix,high
1851,terminal_dev_env,bug_fix,high
1853,apps_packages,feature,high
1856,install_update,feature,high
1859,audio_media,bug_fix,high
1866,hyprland_windowing,feature,high
1867,display_capture,bug_fix,high
1869,apps_packages,bug_fix,high
1872,terminal_dev_env,feature,high
1876,shell_ui,feature,high
1878,apps_packages,feature,high
1880,terminal_dev_env,bug_fix,high
1882,networking,packaging,high
1884,networking,bug_fix,high
1890,hardware_drivers,feature,high
1892,terminal_dev_env,bug_fix,high
1894,hardware_drivers,feature,high
1895,theming_appearance,bug_fix,high
1897,install_update,feature,high
1904,theming_appearance,feature,high
1905,apps_packages,feature,high
1907,install_update,feature,high
1908,shell_ui,feature,high
1917,shell_ui,refactor,high
1918,display_capture,feature,high
1920,display_capture,bug_fix,high
1921,security_auth,feature,high
1923,apps_packages,packaging,high
1925,power_session,bug_fix,high
1933,shell_ui,feature,high
1935,hyprland_windowing,feature,high
1940,terminal_dev_env,bug_fix,high
1942,cli_repo_misc,docs,high
1945,apps_packages,feature,high
1946,cli_repo_misc,other,low
1947,hardware_drivers,feature,high
1950,terminal_dev_env,feature,high
1951,terminal_dev_env,feature,high
1956,terminal_dev_env,feature,high
1957,hardware_drivers,feature,high
1959,hardware_drivers,bug_fix,high
1960,power_session,performance,high
1962,power_session,feature,high
1964,apps_packages,feature,high
1967,shell_ui,feature,high
1968,theming_appearance,feature,high
1973,apps_packages,feature,high
1979,power_session,bug_fix,high
1980,apps_packages,bug_fix,high
1984,theming_appearance,feature,high
1989,audio_media,feature,high
1990,power_session,bug_fix,high
1991,terminal_dev_env,feature,high
1999,shell_ui,feature,high
2000,shell_ui,feature,high
2001,power_session,bug_fix,high
2006,theming_appearance,feature,high
2007,power_session,refactor,high
2009,hardware_drivers,feature,high
2010,install_update,bug_fix,high
2013,terminal_dev_env,feature,high
2014,install_update,feature,high
2015,theming_appearance,feature,high
2020,shell_ui,feature,high
2023,hardware_drivers,feature,high
2032,theming_appearance,feature,high
2034,theming_appearance,feature,high
2042,hyprland_windowing,feature,high
2052,hardware_drivers,feature,high
2053,power_session,bug_fix,high
2056,hyprland_windowing,feature,high
2060,install_update,bug_fix,high
2066,terminal_dev_env,refactor,high
2072,audio_media,feature,high
2073,theming_appearance,feature,high
2084,apps_packages,feature,high
2086,hyprland_windowing,bug_fix,high
2091,networking,feature,high
2095,apps_packages,bug_fix,high
2096,apps_packages,bug_fix,high
2098,hyprland_windowing,feature,high
2104,hyprland_windowing,feature,high
2109,terminal_dev_env,bug_fix,high
2116,hardware_drivers,bug_fix,high
2121,apps_packages,bug_fix,high
2124,security_auth,bug_fix,high
2136,shell_ui,feature,high
2138,security_auth,feature,low
2139,apps_packages,feature,high
2141,cli_repo_misc,docs,high
2145,install_update,feature,high
2146,security_auth,bug_fix,high
2150,networking,feature,high
2153,agents_ai,feature,high
2154,terminal_dev_env,feature,high
2161,security_auth,bug_fix,high
2162,theming_appearance,bug_fix,high
2165,networking,packaging,high
2169,hyprland_windowing,feature,high
2171,install_update,feature,high
2173,power_session,feature,high
2176,terminal_dev_env,feature,high
2177,terminal_dev_env,feature,high
2180,cli_repo_misc,docs,high
2183,shell_ui,refactor,high
2186,apps_packages,bug_fix,high
2187,apps_packages,bug_fix,high
2190,apps_packages,feature,high
2191,terminal_dev_env,feature,high
2192,install_update,refactor,high
2211,shell_ui,bug_fix,high
2214,terminal_dev_env,bug_fix,high
2217,hyprland_windowing,feature,high
2230,apps_packages,packaging,high
2232,apps_packages,bug_fix,medium
2233,terminal_dev_env,bug_fix,high
2234,apps_packages,packaging,high
2235,shell_ui,refactor,high
2239,audio_media,feature,high
2240,hyprland_windowing,feature,high
2245,power_session,feature,high
2246,apps_packages,feature,high
2253,shell_ui,feature,high
2257,audio_media,refactor,high
2258,shell_ui,feature,high
2260,install_update,bug_fix,high
2261,cli_repo_misc,docs,high
2262,hardware_drivers,bug_fix,high
2268,hardware_drivers,feature,high
2270,install_update,feature,high
2273,shell_ui,refactor,high
2280,theming_appearance,feature,high
2283,theming_appearance,feature,high
2287,theming_appearance,feature,high
2288,theming_appearance,feature,high
2289,display_capture,refactor,high
2290,terminal_dev_env,feature,high
2293,hyprland_windowing,bug_fix,high
2297,terminal_dev_env,refactor,high
2299,terminal_dev_env,feature,high
2300,terminal_dev_env,refactor,high
2303,hyprland_windowing,feature,high
2305,terminal_dev_env,refactor,high
2313,networking,feature,high
2315,security_auth,feature,high
2323,apps_packages,bug_fix,high
2324,hyprland_windowing,bug_fix,high
2325,cli_repo_misc,docs,high
2327,apps_packages,bug_fix,high
2331,hardware_drivers,feature,high
2334,terminal_dev_env,refactor,high
2341,power_session,refactor,high
2347,install_update,feature,high
2348,display_capture,feature,high
2350,hyprland_windowing,feature,high
2353,power_session,performance,high
2355,theming_appearance,bug_fix,high
2360,apps_packages,feature,high
2363,hardware_drivers,feature,high
2371,cli_repo_misc,feature,high
2373,power_session,refactor,high
2381,cli_repo_misc,bug_fix,high
2394,hyprland_windowing,bug_fix,high
2400,apps_packages,packaging,high
2409,apps_packages,bug_fix,high
2410,shell_ui,feature,high
2416,shell_ui,refactor,high
2419,power_session,bug_fix,high
2422,shell_ui,bug_fix,high
2425,hardware_drivers,bug_fix,high
2428,shell_ui,feature,high
2429,hyprland_windowing,bug_fix,high
2432,terminal_dev_env,refactor,high
2438,hyprland_windowing,refactor,high
2442,install_update,bug_fix,high
2444,shell_ui,bug_fix,high
2445,install_update,refactor,high
2446,display_capture,feature,high
2450,theming_appearance,feature,high
2453,security_auth,bug_fix,high
2461,shell_ui,feature,high
2470,hyprland_windowing,feature,high
2471,terminal_dev_env,bug_fix,high
2474,apps_packages,feature,high
2480,apps_packages,bug_fix,high
2486,hardware_drivers,feature,high
2488,cli_repo_misc,feature,high
2496,shell_ui,refactor,high
2503,terminal_dev_env,bug_fix,high
2511,display_capture,bug_fix,high
2514,theming_appearance,feature,high
2516,apps_packages,bug_fix,high
2518,theming_appearance,bug_fix,high
2519,theming_appearance,feature,high
2523,theming_appearance,bug_fix,high
2524,cli_repo_misc,docs,high
2525,hyprland_windowing,bug_fix,high
2526,hyprland_windowing,bug_fix,high
2529,apps_packages,feature,high
2532,apps_packages,feature,high
2533,hyprland_windowing,feature,high
2535,terminal_dev_env,bug_fix,high
2537,shell_ui,feature,high
2538,apps_packages,bug_fix,high
2554,hardware_drivers,bug_fix,high
2560,shell_ui,refactor,high
2565,install_update,bug_fix,high
2566,install_update,bug_fix,high
2570,apps_packages,refactor,high
2572,apps_packages,bug_fix,high
2573,power_session,feature,high
2574,cli_repo_misc,docs,high
2590,terminal_dev_env,feature,high
2594,install_update,bug_fix,high
2598,hyprland_windowing,feature,high
2602,terminal_dev_env,feature,high
2607,terminal_dev_env,bug_fix,high
2608,apps_packages,packaging,medium
2609,terminal_dev_env,bug_fix,high
2611,install_update,bug_fix,high
2614,shell_ui,feature,high
2615,shell_ui,feature,high
2621,hardware_drivers,feature,high
2626,theming_appearance,refactor,medium
2631,apps_packages,packaging,high
2633,display_capture,bug_fix,high
2636,theming_appearance,bug_fix,medium
2637,install_update,feature,high
2642,terminal_dev_env,feature,high
2647,apps_packages,feature,high
2648,terminal_dev_env,feature,high
2653,hyprland_windowing,feature,high
2660,power_session,feature,high
2664,apps_packages,packaging,high
2666,terminal_dev_env,bug_fix,medium
2668,theming_appearance,feature,high
2669,hyprland_windowing,feature,high
2670,theming_appearance,feature,high
2672,theming_appearance,bug_fix,high
2674,apps_packages,feature,high
2676,apps_packages,feature,high
2677,theming_appearance,feature,high
2679,theming_appearance,feature,high
2680,terminal_dev_env,feature,high
2682,shell_ui,feature,high
2686,apps_packages,feature,high
2691,display_capture,feature,high
2692,apps_packages,feature,high
2694,cli_repo_misc,bug_fix,high
2696,install_update,bug_fix,high
2697,hyprland_windowing,feature,high
2698,terminal_dev_env,bug_fix,high
2708,hyprland_windowing,feature,high
2715,apps_packages,feature,high
2716,hardware_drivers,bug_fix,high
2721,apps_packages,feature,medium
2722,apps_packages,feature,high
2726,apps_packages,feature,high
2738,theming_appearance,feature,high
2740,install_update,bug_fix,high
2748,apps_packages,feature,medium
2752,theming_appearance,bug_fix,high
2754,cli_repo_misc,docs,high
2757,shell_ui,feature,high
2758,hyprland_windowing,feature,high
2763,apps_packages,feature,high
2769,hyprland_windowing,feature,high
2771,shell_ui,feature,high
2772,shell_ui,feature,high
2775,shell_ui,feature,high
2780,apps_packages,feature,high
2783,security_auth,security,medium
2784,cli_repo_misc,bug_fix,high
2786,terminal_dev_env,feature,high
2788,hyprland_windowing,bug_fix,high
2801,shell_ui,feature,high
2804,security_auth,security,high
2806,hyprland_windowing,bug_fix,high
2808,shell_ui,feature,high
2814,install_update,bug_fix,high
2820,security_auth,feature,high
2821,hyprland_windowing,feature,high
2829,shell_ui,feature,high
2830,shell_ui,performance,high
2833,apps_packages,feature,medium
2839,hyprland_windowing,bug_fix,high
2841,apps_packages,feature,high
2843,agents_ai,feature,high
2844,hyprland_windowing,bug_fix,high
2850,power_session,feature,high
2860,hardware_drivers,feature,high
2864,shell_ui,feature,medium
2868,apps_packages,feature,high
2872,apps_packages,feature,high
2876,hyprland_windowing,feature,high
2885,install_update,bug_fix,high
2887,security_auth,security,high
2888,install_update,other,high
2891,apps_packages,feature,high
2894,shell_ui,bug_fix,high
2899,hyprland_windowing,bug_fix,high
2901,shell_ui,feature,high
2907,cli_repo_misc,bug_fix,high
2909,networking,feature,high
2913,hardware_drivers,feature,medium
2915,terminal_dev_env,bug_fix,high
2922,power_session,refactor,high
2926,hardware_drivers,feature,high
2927,hardware_drivers,feature,high
2930,apps_packages,feature,high
2933,terminal_dev_env,feature,high
2934,theming_appearance,feature,high
2935,theming_appearance,feature,high
2936,install_update,bug_fix,high
2937,theming_appearance,bug_fix,high
2939,networking,feature,high
2940,display_capture,feature,high
2944,theming_appearance,feature,medium
2945,terminal_dev_env,feature,high
2946,apps_packages,bug_fix,low
2949,power_session,bug_fix,high
2951,apps_packages,feature,high
2953,display_capture,bug_fix,high
2954,hyprland_windowing,feature,high
2955,security_auth,bug_fix,high
2957,apps_packages,feature,high
2959,apps_packages,feature,high
2961,hyprland_windowing,feature,high
2969,shell_ui,feature,high
2982,install_update,feature,high
2983,theming_appearance,feature,high
2986,hardware_drivers,feature,high
2987,terminal_dev_env,feature,high
2988,terminal_dev_env,feature,high
2989,display_capture,bug_fix,high
3005,shell_ui,feature,high
3006,terminal_dev_env,feature,high
3009,power_session,feature,high
3010,hyprland_windowing,feature,high
3014,install_update,feature,medium
3015,display_capture,bug_fix,high
3016,theming_appearance,feature,high
3017,apps_packages,feature,high
3019,hyprland_windowing,feature,high
3020,cli_repo_misc,refactor,high
3021,shell_ui,feature,high
3025,apps_packages,feature,medium
3030,apps_packages,packaging,high
3031,power_session,feature,high
3034,hardware_drivers,refactor,high
3037,display_capture,feature,high
3040,apps_packages,refactor,high
3041,hyprland_windowing,feature,high
3042,hardware_drivers,bug_fix,high
3049,display_capture,bug_fix,high
3054,hyprland_windowing,feature,high
3056,theming_appearance,feature,high
3058,hyprland_windowing,feature,high
3061,display_capture,bug_fix,high
3063,power_session,bug_fix,high
3064,hyprland_windowing,bug_fix,high
3072,terminal_dev_env,bug_fix,high
3074,install_update,feature,high
3075,hyprland_windowing,feature,high
3076,terminal_dev_env,feature,high
3082,display_capture,bug_fix,high
3083,shell_ui,refactor,high
3087,shell_ui,feature,high
3092,terminal_dev_env,refactor,high
3103,theming_appearance,feature,high
3107,display_capture,bug_fix,high
3123,shell_ui,bug_fix,high
3130,shell_ui,feature,high
3145,apps_packages,bug_fix,high
3150,install_update,feature,high
3157,terminal_dev_env,feature,high
3158,power_session,bug_fix,high
3159,terminal_dev_env,feature,high
3167,hyprland_windowing,feature,high
3174,apps_packages,bug_fix,high
3182,apps_packages,feature,high
3184,theming_appearance,feature,high
3190,terminal_dev_env,feature,high
3196,power_session,feature,high
3202,power_session,feature,high
3203,shell_ui,bug_fix,high
3206,power_session,feature,high
3207,networking,feature,high
3210,theming_appearance,feature,high
3212,shell_ui,bug_fix,high
3213,apps_packages,feature,high
3215,cli_repo_misc,refactor,high
3220,display_capture,feature,high
3221,agents_ai,feature,high
3225,apps_packages,bug_fix,high
3232,shell_ui,feature,high
3233,hyprland_windowing,bug_fix,high
3237,install_update,bug_fix,high
3244,hyprland_windowing,bug_fix,high
3245,apps_packages,refactor,high
3246,hyprland_windowing,feature,high
3248,hyprland_windowing,bug_fix,high
3252,hyprland_windowing,bug_fix,high
3253,cli_repo_misc,refactor,high
3255,hyprland_windowing,bug_fix,high
3258,hyprland_windowing,bug_fix,high
3259,apps_packages,packaging,high
3265,security_auth,feature,high
3274,shell_ui,feature,high
3280,apps_packages,packaging,high
3281,security_auth,feature,high
3284,power_session,bug_fix,high
3286,cli_repo_misc,other,low
3288,networking,bug_fix,high
3298,hyprland_windowing,bug_fix,high
3300,apps_packages,feature,high
3302,apps_packages,packaging,high
3310,display_capture,bug_fix,high
3311,install_update,bug_fix,high
3312,apps_packages,feature,high
3314,power_session,feature,high
3318,display_capture,bug_fix,high
3319,power_session,feature,high
3320,install_update,refactor,high
3321,apps_packages,feature,high
3322,terminal_dev_env,feature,high
3323,cli_repo_misc,refactor,high
3325,hyprland_windowing,feature,high
3326,hyprland_windowing,bug_fix,high
3328,install_update,feature,high
3330,shell_ui,feature,high
3336,hyprland_windowing,bug_fix,high
3339,hyprland_windowing,refactor,high
3342,apps_packages,packaging,high
3369,hardware_drivers,feature,high
3370,display_capture,feature,high
3375,cli_repo_misc,refactor,high
3377,power_session,feature,high
3389,hyprland_windowing,feature,high
3390,apps_packages,bug_fix,high
3392,install_update,bug_fix,high
3397,apps_packages,feature,high
3401,display_capture,feature,high
3404,display_capture,feature,high
3405,cli_repo_misc,refactor,high
3406,shell_ui,feature,high
3410,hyprland_windowing,feature,high
3411,shell_ui,feature,high
3412,shell_ui,bug_fix,high
3415,apps_packages,feature,high
3428,terminal_dev_env,bug_fix,high
3432,hyprland_windowing,feature,high
3444,theming_appearance,feature,high
3447,hyprland_windowing,feature,high
3448,apps_packages,packaging,high
3449,install_update,feature,medium
3451,shell_ui,bug_fix,high
3452,shell_ui,feature,high
3454,apps_packages,feature,high
3456,hyprland_windowing,feature,high
3461,power_session,feature,high
3462,networking,feature,high
3467,install_update,bug_fix,high
3470,install_update,feature,high
3471,display_capture,feature,medium
3478,install_update,feature,high
3479,shell_ui,feature,high
3481,terminal_dev_env,feature,high
3482,shell_ui,bug_fix,high
3484,theming_appearance,feature,high
3486,hardware_drivers,feature,medium
3492,install_update,bug_fix,high
3493,install_update,feature,high
3495,networking,refactor,high
3496,power_session,bug_fix,high
3499,power_session,feature,medium
3503,power_session,performance,high
3504,networking,bug_fix,high
3507,theming_appearance,feature,high
3510,power_session,feature,high
3541,power_session,feature,high
3544,install_update,bug_fix,high
3546,hyprland_windowing,feature,high
3547,apps_packages,feature,low
3552,apps_packages,bug_fix,high
3553,power_session,bug_fix,high
3560,power_session,feature,high
3577,apps_packages,feature,medium
3580,shell_ui,feature,high
3583,cli_repo_misc,docs,high
3593,install_update,bug_fix,medium
3594,theming_appearance,feature,high
3595,terminal_dev_env,feature,high
3596,install_update,bug_fix,high
3608,theming_appearance,feature,high
3620,theming_appearance,bug_fix,high
3632,apps_packages,bug_fix,high
3633,apps_packages,feature,high
3634,cli_repo_misc,docs,high
3635,theming_appearance,feature,high
3638,cli_repo_misc,docs,medium
3640,hardware_drivers,bug_fix,high
3651,install_update,feature,high
3655,power_session,feature,high
3658,hyprland_windowing,feature,high
3661,install_update,feature,high
3681,install_update,docs,high
3684,apps_packages,feature,high
3686,terminal_dev_env,bug_fix,high
3687,power_session,feature,high
3688,cli_repo_misc,bug_fix,high
3690,apps_packages,bug_fix,high
3691,install_update,bug_fix,medium
3694,shell_ui,bug_fix,high
3699,display_capture,feature,high
3701,display_capture,feature,high
3706,shell_ui,bug_fix,high
3707,hardware_drivers,feature,medium
3711,install_update,feature,high
3723,power_session,feature,high
3729,theming_appearance,feature,high
3730,cli_repo_misc,docs,high
3731,install_update,feature,high
3734,apps_packages,feature,high
3738,install_update,feature,high
3741,theming_appearance,feature,high
3748,apps_packages,feature,high
3749,terminal_dev_env,bug_fix,high
3750,install_update,feature,high
3752,shell_ui,feature,high
3753,cli_repo_misc,docs,high
3754,power_session,feature,high
3755,hardware_drivers,feature,high
3756,apps_packages,feature,high
3757,hyprland_windowing,feature,medium
3758,apps_packages,feature,high
3759,apps_packages,feature,high
3760,hyprland_windowing,bug_fix,high
3761,install_update,feature,high
3763,apps_packages,bug_fix,high
3764,theming_appearance,feature,high
3772,shell_ui,bug_fix,high
3774,hyprland_windowing,feature,high
3776,hyprland_windowing,feature,high
3777,cli_repo_misc,other,low
3781,power_session,feature,high
3785,install_update,bug_fix,high
3786,cli_repo_misc,other,low
3789,hardware_drivers,bug_fix,high
3792,hardware_drivers,feature,high
3793,install_update,bug_fix,high
3798,hyprland_windowing,feature,high
3801,apps_packages,bug_fix,high
3802,terminal_dev_env,feature,high
3804,power_session,bug_fix,high
3805,terminal_dev_env,feature,high
3806,hyprland_windowing,refactor,high
3808,install_update,bug_fix,high
3811,theming_appearance,feature,high
3812,install_update,refactor,high
3814,install_update,feature,high
3824,theming_appearance,feature,medium
3827,shell_ui,feature,high
3830,shell_ui,feature,high
3832,power_session,bug_fix,high
3838,power_session,bug_fix,high
3840,apps_packages,bug_fix,high
3842,terminal_dev_env,feature,high
3843,hyprland_windowing,bug_fix,high
3849,terminal_dev_env,bug_fix,high
3853,cli_repo_misc,other,low
3858,install_update,feature,high
3860,install_update,feature,high
3865,apps_packages,bug_fix,high
3866,apps_packages,bug_fix,high
3869,hyprland_windowing,feature,high
3873,power_session,bug_fix,high
3875,hyprland_windowing,feature,high
3876,shell_ui,feature,high
3880,install_update,feature,high
3881,apps_packages,feature,high
3888,hyprland_windowing,feature,high
3894,apps_packages,bug_fix,high
3909,hyprland_windowing,feature,high
3916,theming_appearance,feature,high
3920,hyprland_windowing,feature,high
3929,terminal_dev_env,bug_fix,high
3933,shell_ui,bug_fix,high
3936,display_capture,feature,high
3941,apps_packages,feature,high
3948,security_auth,bug_fix,high
3955,install_update,bug_fix,high
3956,hardware_drivers,bug_fix,high
3957,shell_ui,feature,high
3958,apps_packages,bug_fix,high
3959,install_update,bug_fix,high
3962,power_session,feature,high
3964,shell_ui,feature,high
3965,theming_appearance,bug_fix,high
3967,shell_ui,feature,high
3972,networking,feature,high
3976,shell_ui,bug_fix,high
3977,install_update,performance,high
3982,hyprland_windowing,bug_fix,high
3985,hyprland_windowing,feature,high
3988,audio_media,feature,high
3990,apps_packages,feature,high
3992,install_update,bug_fix,high
4001,terminal_dev_env,feature,high
4002,install_update,bug_fix,high
4010,theming_appearance,bug_fix,high
4012,shell_ui,feature,high
4015,terminal_dev_env,feature,high
4025,hyprland_windowing,bug_fix,high
4028,apps_packages,feature,high
4032,theming_appearance,bug_fix,high
4034,networking,feature,high
4036,apps_packages,bug_fix,high
4037,hyprland_windowing,feature,high
4040,hardware_drivers,bug_fix,high
4041,agents_ai,feature,high
4042,hyprland_windowing,refactor,high
4043,shell_ui,refactor,high
4045,power_session,bug_fix,high
4046,hyprland_windowing,bug_fix,high
4048,terminal_dev_env,feature,high
4051,display_capture,feature,high
4060,power_session,bug_fix,high
4061,apps_packages,feature,high
4065,install_update,feature,medium
4066,theming_appearance,feature,high
4074,terminal_dev_env,feature,high
4075,hyprland_windowing,feature,high
4076,cli_repo_misc,other,low
4078,power_session,bug_fix,medium
4080,cli_repo_misc,bug_fix,medium
4086,install_update,bug_fix,low
4091,display_capture,feature,high
4095,apps_packages,feature,high
4098,cli_repo_misc,bug_fix,high
4100,shell_ui,feature,high
4101,install_update,bug_fix,low
4104,hyprland_windowing,feature,high
4106,audio_media,feature,high
4108,power_session,feature,high
4113,apps_packages,feature,medium
4119,agents_ai,feature,high
4126,display_capture,feature,high
4131,theming_appearance,feature,high
4138,hardware_drivers,bug_fix,high
4141,hyprland_windowing,bug_fix,high
4150,hyprland_windowing,bug_fix,high
4156,install_update,feature,high
4160,hardware_drivers,bug_fix,high
4162,cli_repo_misc,bug_fix,high
4166,hardware_drivers,feature,high
4171,cli_repo_misc,refactor,high
4173,display_capture,feature,high
4176,hardware_drivers,feature,high
4178,audio_media,feature,high
4180,terminal_dev_env,feature,high
4183,apps_packages,bug_fix,high
4195,networking,bug_fix,high
4198,terminal_dev_env,feature,high
4201,hardware_drivers,bug_fix,high
4203,terminal_dev_env,bug_fix,high
4217,apps_packages,feature,high
4219,networking,feature,high
4220,hardware_drivers,bug_fix,high
4221,theming_appearance,feature,high
4225,theming_appearance,feature,high
4227,apps_packages,feature,high
4230,install_update,feature,high
4231,theming_appearance,feature,high
4233,install_update,feature,high
4241,cli_repo_misc,bug_fix,high
4244,shell_ui,feature,high
4245,hyprland_windowing,feature,high
4247,display_capture,feature,high
4250,hyprland_windowing,feature,high
4255,cli_repo_misc,bug_fix,high
4260,audio_media,bug_fix,high
4265,terminal_dev_env,bug_fix,high
4269,terminal_dev_env,bug_fix,high
4272,terminal_dev_env,feature,medium
4286,display_capture,feature,high
4287,install_update,feature,high
4290,apps_packages,bug_fix,high
4292,cli_repo_misc,feature,high
4293,hyprland_windowing,feature,high
4295,apps_packages,feature,high
4300,hyprland_windowing,feature,high
4307,shell_ui,feature,high
4311,shell_ui,feature,high
4312,shell_ui,feature,high
4314,hardware_drivers,bug_fix,high
4317,cli_repo_misc,feature,high
4319,hyprland_windowing,feature,high
4320,install_update,feature,high
4321,shell_ui,feature,high
4322,power_session,feature,high
4323,display_capture,feature,high
4324,hardware_drivers,feature,high
4325,apps_packages,bug_fix,high
4330,hyprland_windowing,feature,high
4331,terminal_dev_env,feature,medium
4333,cli_repo_misc,feature,medium
4334,install_update,feature,high
4337,terminal_dev_env,feature,high
4339,shell_ui,feature,high
4340,apps_packages,feature,high
4344,shell_ui,feature,high
4345,apps_packages,packaging,high
4346,apps_packages,packaging,high
4350,shell_ui,feature,high
4353,theming_appearance,feature,high
4354,cli_repo_misc,feature,high
4361,install_update,feature,high
4362,display_capture,feature,high
4366,terminal_dev_env,bug_fix,high
4374,hyprland_windowing,feature,high
4375,power_session,feature,low
4378,install_update,feature,high
4386,hyprland_windowing,bug_fix,high
4388,install_update,bug_fix,low
4389,hyprland_windowing,feature,high
4391,power_session,feature,low
4392,terminal_dev_env,feature,high
4395,theming_appearance,feature,high
4401,shell_ui,bug_fix,high
4404,audio_media,bug_fix,high
4405,cli_repo_misc,other,low
4406,power_session,bug_fix,high
4414,power_session,docs,high
4467,theming_appearance,feature,high
4468,apps_packages,feature,high
4469,cli_repo_misc,feature,medium
4471,theming_appearance,bug_fix,high
4480,install_update,bug_fix,high
4482,apps_packages,feature,high
4485,power_session,bug_fix,high
4488,cli_repo_misc,feature,high
4489,apps_packages,bug_fix,high
4491,hardware_drivers,bug_fix,high
4493,display_capture,feature,high
4494,display_capture,feature,high
4495,cli_repo_misc,bug_fix,high
4497,hardware_drivers,bug_fix,high
4498,terminal_dev_env,other,low
4499,hardware_drivers,feature,high
4502,shell_ui,bug_fix,high
4503,hardware_drivers,bug_fix,high
4506,terminal_dev_env,feature,high
4507,agents_ai,feature,high
4510,power_session,bug_fix,high
4512,apps_packages,feature,medium
4514,shell_ui,bug_fix,high
4519,theming_appearance,feature,medium
4524,hardware_drivers,feature,high
4530,power_session,bug_fix,high
4531,install_update,feature,high
4546,theming_appearance,feature,high
4547,theming_appearance,feature,high
4550,display_capture,feature,high
4556,hardware_drivers,feature,high
4557,hardware_drivers,feature,high
4559,cli_repo_misc,bug_fix,low
4560,hardware_drivers,feature,high
4561,networking,feature,high
4565,networking,bug_fix,high
4566,cli_repo_misc,bug_fix,high
4569,display_capture,feature,high
4571,hardware_drivers,feature,high
4572,apps_packages,feature,high
4573,apps_packages,feature,high
4574,apps_packages,bug_fix,high
4575,hyprland_windowing,bug_fix,high
4578,apps_packages,bug_fix,high
4580,audio_media,feature,high
4581,apps_packages,bug_fix,high
4582,apps_packages,bug_fix,high
4584,theming_appearance,feature,high
4585,terminal_dev_env,bug_fix,high
4586,shell_ui,feature,high
4588,shell_ui,feature,high
4593,hardware_drivers,feature,high
4596,install_update,feature,high
4603,terminal_dev_env,feature,high
4612,shell_ui,feature,high
4614,display_capture,feature,high
4615,apps_packages,bug_fix,high
4620,power_session,feature,high
4621,hyprland_windowing,feature,high
4623,install_update,bug_fix,high
4626,install_update,feature,high
4630,security_auth,feature,high
4631,apps_packages,feature,high
4634,terminal_dev_env,feature,high
4637,terminal_dev_env,feature,medium
4639,install_update,feature,high
4640,terminal_dev_env,bug_fix,high
4641,apps_packages,bug_fix,high
4642,install_update,bug_fix,high
4643,theming_appearance,feature,high
4644,theming_appearance,bug_fix,high
4645,terminal_dev_env,bug_fix,high
4646,cli_repo_misc,docs,high
4650,apps_packages,feature,medium
4654,cli_repo_misc,docs,high
4656,terminal_dev_env,bug_fix,high
4657,terminal_dev_env,docs,high
4658,cli_repo_misc,docs,high
4659,apps_packages,bug_fix,high
4662,terminal_dev_env,bug_fix,high
4663,terminal_dev_env,bug_fix,high
4664,cli_repo_misc,docs,high
4665,apps_packages,bug_fix,high
4668,hardware_drivers,feature,high
4669,hyprland_windowing,feature,high
4671,shell_ui,feature,high
4672,hardware_drivers,feature,high
4673,theming_appearance,bug_fix,high
4674,install_update,feature,high
4675,terminal_dev_env,feature,high
4676,hyprland_windowing,bug_fix,high
4677,hardware_drivers,feature,high
4705,hyprland_windowing,feature,high
4708,terminal_dev_env,refactor,high
4710,cli_repo_misc,feature,high
4712,hyprland_windowing,feature,high
4715,theming_appearance,feature,high
4717,shell_ui,bug_fix,high
4718,audio_media,docs,high
4719,install_update,bug_fix,high
4720,display_capture,feature,high
4721,power_session,feature,high
4723,display_capture,bug_fix,high
4724,theming_appearance,bug_fix,high
4725,hardware_drivers,feature,medium
4730,terminal_dev_env,feature,high
4732,power_session,feature,high
4736,power_session,bug_fix,high
4742,shell_ui,bug_fix,high
4743,networking,bug_fix,high
4744,audio_media,bug_fix,high
4749,apps_packages,feature,high
4750,hardware_drivers,feature,high
4751,cli_repo_misc,docs,high
4752,audio_media,bug_fix,high
4753,theming_appearance,feature,high
4756,terminal_dev_env,bug_fix,high
4759,power_session,feature,high
4760,theming_appearance,feature,high
4762,theming_appearance,feature,high
4767,cli_repo_misc,other,low
4771,audio_media,bug_fix,high
4775,terminal_dev_env,feature,high
4778,display_capture,bug_fix,high
4782,terminal_dev_env,bug_fix,high
4786,terminal_dev_env,feature,high
4789,cli_repo_misc,docs,high
4793,hardware_drivers,bug_fix,high
4794,hyprland_windowing,feature,high
4798,terminal_dev_env,feature,high
4800,terminal_dev_env,bug_fix,high
4807,theming_appearance,feature,high
4808,cli_repo_misc,docs,high
4810,terminal_dev_env,feature,high
4813,terminal_dev_env,feature,high
4814,power_session,docs,high
4815,power_session,feature,high
4816,theming_appearance,feature,high
4820,shell_ui,feature,high
4825,display_capture,bug_fix,high
4826,hyprland_windowing,bug_fix,high
4829,theming_appearance,feature,high
4835,display_capture,feature,high
4836,terminal_dev_env,feature,high
4837,security_auth,feature,high
4839,cli_repo_misc,other,low
4840,security_auth,feature,high
4841,display_capture,feature,high
4844,terminal_dev_env,bug_fix,high
4848,power_session,feature,high
4849,cli_repo_misc,docs,high
4857,theming_appearance,bug_fix,high
4858,theming_appearance,bug_fix,high
4861,hyprland_windowing,feature,high
4862,install_update,bug_fix,high
4867,display_capture,feature,high
4868,display_capture,feature,high
4870,hyprland_windowing,feature,high
4871,hyprland_windowing,feature,high
4872,theming_appearance,bug_fix,high
4873,theming_appearance,feature,high
4874,display_capture,feature,high
4877,terminal_dev_env,bug_fix,high
4879,hyprland_windowing,feature,high
4880,hyprland_windowing,feature,high
4882,apps_packages,bug_fix,high
4887,power_session,feature,low
4888,shell_ui,feature,high
4890,apps_packages,bug_fix,high
4900,shell_ui,feature,high
4902,theming_appearance,feature,medium
4904,shell_ui,feature,high
4905,networking,feature,high
4907,theming_appearance,feature,medium
4909,hyprland_windowing,bug_fix,high
4910,terminal_dev_env,feature,high
4911,terminal_dev_env,feature,high
4915,apps_packages,bug_fix,high
4918,shell_ui,bug_fix,high
4919,hyprland_windowing,bug_fix,high
4922,hardware_drivers,feature,high
4923,apps_packages,bug_fix,high
4925,cli_repo_misc,other,low
4926,shell_ui,feature,high
4928,hyprland_windowing,bug_fix,high
4929,shell_ui,feature,high
4930,apps_packages,feature,high
4935,hardware_drivers,feature,high
4936,terminal_dev_env,feature,high
4937,cli_repo_misc,bug_fix,high
4938,hardware_drivers,feature,high
4939,hyprland_windowing,feature,high
4940,power_session,bug_fix,high
4941,power_session,bug_fix,high
4942,power_session,feature,high
4943,hyprland_windowing,feature,high
4945,power_session,feature,high
4946,shell_ui,feature,high
4952,terminal_dev_env,feature,high
4953,shell_ui,bug_fix,high
4954,terminal_dev_env,feature,high
4955,cli_repo_misc,other,low
4956,display_capture,feature,high
4960,networking,feature,high
4961,power_session,bug_fix,high
4962,terminal_dev_env,feature,medium
4963,power_session,feature,high
4966,install_update,feature,high
4967,install_update,feature,high
4968,networking,feature,high
4969,agents_ai,feature,high
4971,terminal_dev_env,feature,high
4975,power_session,bug_fix,high
4978,apps_packages,feature,high
4980,display_capture,bug_fix,high
4985,apps_packages,feature,high
4988,hardware_drivers,feature,high
4990,theming_appearance,feature,high
4992,cli_repo_misc,docs,high
4995,hardware_drivers,refactor,high
4997,networking,feature,high
4999,hardware_drivers,bug_fix,medium
5004,shell_ui,bug_fix,high
5005,audio_media,feature,high
5009,cli_repo_misc,performance,medium
5011,terminal_dev_env,feature,high
5012,hyprland_windowing,feature,high
5013,cli_repo_misc,bug_fix,high
5018,display_capture,bug_fix,high
5020,hardware_drivers,feature,high
5021,power_session,feature,medium
5023,hyprland_windowing,bug_fix,high
5024,security_auth,feature,medium
5025,networking,refactor,high
5028,terminal_dev_env,feature,high
5030,shell_ui,bug_fix,high
5031,terminal_dev_env,feature,high
5032,hardware_drivers,bug_fix,high
5033,power_session,bug_fix,high
5034,hardware_drivers,bug_fix,high
5035,security_auth,security,high
5036,shell_ui,feature,high
5037,shell_ui,feature,high
5038,shell_ui,bug_fix,high
5040,networking,feature,medium
5041,power_session,feature,high
5043,hardware_drivers,bug_fix,high
5047,terminal_dev_env,feature,high
5049,terminal_dev_env,feature,high
5051,power_session,feature,high
5054,display_capture,feature,high
5055,apps_packages,feature,medium
5056,shell_ui,refactor,high
5057,theming_appearance,bug_fix,high
5058,install_update,bug_fix,high
5059,shell_ui,feature,high
5060,power_session,docs,high
5061,shell_ui,feature,high
5065,cli_repo_misc,bug_fix,high
5066,power_session,feature,high
5069,apps_packages,feature,high
5074,shell_ui,bug_fix,high
5076,install_update,bug_fix,high
5077,install_update,bug_fix,high
5080,power_session,feature,high
5082,audio_media,feature,high
5088,shell_ui,feature,high
5090,audio_media,bug_fix,high
5091,agents_ai,feature,high
5095,display_capture,bug_fix,high
5096,display_capture,feature,high
5098,hyprland_windowing,bug_fix,high
5099,hyprland_windowing,bug_fix,high
5100,theming_appearance,feature,high
5109,hyprland_windowing,feature,medium
5112,terminal_dev_env,feature,high
5114,install_update,bug_fix,high
5115,terminal_dev_env,bug_fix,high
5116,install_update,bug_fix,high
5117,install_update,bug_fix,high
5118,theming_appearance,bug_fix,high
5119,theming_appearance,feature,high
5121,power_session,refactor,high
5125,power_session,bug_fix,high
5129,hardware_drivers,bug_fix,high
5130,hardware_drivers,bug_fix,high
5131,hardware_drivers,packaging,high
5132,hardware_drivers,feature,high
5133,hardware_drivers,bug_fix,high
5134,power_session,bug_fix,high
5135,hardware_drivers,bug_fix,high
5136,power_session,feature,high
5137,power_session,bug_fix,high
5138,hardware_drivers,feature,high
5139,apps_packages,feature,medium
5140,hardware_drivers,bug_fix,high
5141,cli_repo_misc,bug_fix,high
5142,networking,bug_fix,high
5144,power_session,feature,high
5145,hardware_drivers,bug_fix,high
5148,theming_appearance,feature,high
5160,hardware_drivers,feature,high
5165,power_session,feature,high
5171,apps_packages,packaging,high
5176,hardware_drivers,other,medium
5177,audio_media,feature,high
5179,terminal_dev_env,performance,high
5180,hyprland_windowing,bug_fix,high
5181,install_update,bug_fix,high
5183,hyprland_windowing,refactor,high
5186,apps_packages,packaging,high
5188,install_update,bug_fix,high
5189,cli_repo_misc,feature,high
5193,hardware_drivers,bug_fix,high
5194,hardware_drivers,bug_fix,high
5195,terminal_dev_env,feature,high
5199,shell_ui,feature,high
5201,display_capture,feature,high
5203,audio_media,bug_fix,high
5205,cli_repo_misc,other,low
5206,power_session,feature,high
5207,hyprland_windowing,feature,medium
5208,hyprland_windowing,feature,high
5209,networking,feature,high
5211,cli_repo_misc,other,low
5212,security_auth,feature,high
5215,terminal_dev_env,feature,high
5216,display_capture,bug_fix,high
5217,terminal_dev_env,feature,high
5218,terminal_dev_env,feature,high
5219,terminal_dev_env,bug_fix,high
5220,terminal_dev_env,feature,high
5221,display_capture,bug_fix,high
5222,terminal_dev_env,feature,high
5223,terminal_dev_env,feature,high
5224,terminal_dev_env,feature,high
5225,display_capture,bug_fix,high
5226,theming_appearance,feature,high
5230,install_update,feature,high
5233,cli_repo_misc,refactor,high
5235,cli_repo_misc,docs,high
5236,audio_media,bug_fix,high
5239,hyprland_windowing,refactor,high
5241,networking,bug_fix,high
5242,cli_repo_misc,docs,high
5244,display_capture,feature,high
5245,theming_appearance,feature,high
5247,terminal_dev_env,refactor,high
5248,shell_ui,feature,high
5253,theming_appearance,feature,high
5255,terminal_dev_env,bug_fix,high
5256,terminal_dev_env,bug_fix,high
5258,terminal_dev_env,bug_fix,high
5262,hardware_drivers,feature,high
5263,shell_ui,bug_fix,high
5269,theming_appearance,bug_fix,high
5270,networking,packaging,high
5271,shell_ui,feature,high
5273,apps_packages,feature,high
5275,power_session,bug_fix,high
5278,display_capture,bug_fix,high
5279,networking,feature,high
5282,display_capture,feature,high
5283,hardware_drivers,bug_fix,high
5284,hardware_drivers,feature,high
5285,theming_appearance,bug_fix,high
5286,apps_packages,refactor,high
5288,install_update,bug_fix,high
5291,install_update,bug_fix,high
5292,theming_appearance,bug_fix,high
5293,hyprland_windowing,feature,high
5299,cli_repo_misc,feature,high
5301,hyprland_windowing,feature,high
5304,apps_packages,feature,high
5305,display_capture,feature,high
5308,theming_appearance,bug_fix,high
5309,theming_appearance,bug_fix,high
5312,hardware_drivers,bug_fix,high
5317,audio_media,feature,high
5318,hyprland_windowing,bug_fix,high
5319,hyprland_windowing,bug_fix,high
5320,install_update,bug_fix,high
5321,theming_appearance,bug_fix,high
5328,display_capture,bug_fix,high
5329,terminal_dev_env,feature,high
5331,terminal_dev_env,feature,high
5332,hardware_drivers,feature,high
5335,hardware_drivers,bug_fix,high
5336,audio_media,feature,high
5340,apps_packages,feature,high
5341,terminal_dev_env,bug_fix,high
5343,apps_packages,feature,high
5345,audio_media,bug_fix,high
5348,theming_appearance,feature,high
5349,hyprland_windowing,feature,high
5350,hyprland_windowing,feature,high
5353,hyprland_windowing,feature,high
5356,agents_ai,feature,high
5358,theming_appearance,feature,high
5359,display_capture,feature,high
5362,agents_ai,feature,high
5364,audio_media,feature,high
5368,hyprland_windowing,feature,high
5369,install_update,bug_fix,high
5383,apps_packages,feature,high
5391,display_capture,bug_fix,high
5392,theming_appearance,bug_fix,high
5394,hyprland_windowing,feature,high
5397,install_update,bug_fix,high
5399,display_capture,docs,high
5402,shell_ui,feature,high
5403,hyprland_windowing,feature,high
5404,theming_appearance,feature,high
5409,apps_packages,bug_fix,high
5410,apps_packages,feature,high
5413,hardware_drivers,feature,high
5416,theming_appearance,feature,high
5424,hardware_drivers,feature,high
5425,hyprland_windowing,feature,high
5429,power_session,feature,high
5430,hardware_drivers,feature,high
5431,hardware_drivers,feature,high
5434,networking,feature,high
5435,hardware_drivers,feature,high
5436,networking,feature,high
5441,theming_appearance,feature,high
5442,apps_packages,packaging,high
5444,power_session,bug_fix,high
5445,hardware_drivers,feature,high
5448,install_update,packaging,high
5450,cli_repo_misc,feature,high
5452,hardware_drivers,bug_fix,high
5453,hardware_drivers,bug_fix,high
5454,hardware_drivers,packaging,high
5456,audio_media,feature,high
5462,display_capture,feature,high
5463,hardware_drivers,bug_fix,high
5465,networking,feature,high
5466,cli_repo_misc,docs,high
5470,hardware_drivers,feature,medium
5471,install_update,refactor,high
5479,hyprland_windowing,refactor,high
5483,display_capture,bug_fix,medium
5485,install_update,feature,high
5488,apps_packages,refactor,high
5491,theming_appearance,feature,high
5492,audio_media,bug_fix,high
5493,audio_media,refactor,high
5496,hardware_drivers,feature,high
5497,install_update,bug_fix,high
5498,theming_appearance,packaging,high
5501,display_capture,feature,high
5504,security_auth,bug_fix,high
5510,hardware_drivers,feature,high
5511,display_capture,bug_fix,high
5513,apps_packages,feature,high
5514,display_capture,bug_fix,high
5515,hardware_drivers,bug_fix,medium
5517,theming_appearance,feature,high
5518,shell_ui,feature,high
5519,hardware_drivers,bug_fix,high
5524,theming_appearance,bug_fix,high
5525,display_capture,feature,high
5528,power_session,feature,medium
5529,theming_appearance,feature,high
5530,theming_appearance,feature,high
5534,hardware_drivers,packaging,high
5535,cli_repo_misc,other,low
5536,hyprland_windowing,feature,high
5537,hyprland_windowing,feature,high
5538,theming_appearance,bug_fix,high
5540,audio_media,bug_fix,high
5541,cli_repo_misc,bug_fix,medium
5542,apps_packages,bug_fix,high
5544,display_capture,bug_fix,medium
5545,install_update,bug_fix,high
5548,security_auth,security,high
5550,agents_ai,feature,medium
5551,power_session,refactor,medium
5553,apps_packages,feature,high
5556,theming_appearance,bug_fix,medium
5560,apps_packages,feature,high
5562,networking,bug_fix,high
5563,hardware_drivers,bug_fix,high
5564,terminal_dev_env,refactor,high
5567,audio_media,bug_fix,high
5568,hyprland_windowing,bug_fix,high
5569,security_auth,feature,medium
5571,display_capture,feature,high
5572,theming_appearance,bug_fix,high
5576,audio_media,feature,medium
5577,cli_repo_misc,bug_fix,medium
5583,cli_repo_misc,feature,high
5585,theming_appearance,feature,high
5586,display_capture,refactor,high
5587,shell_ui,feature,high
5589,theming_appearance,feature,medium
5591,hyprland_windowing,feature,high
5593,cli_repo_misc,bug_fix,high
5595,display_capture,bug_fix,high
5597,hardware_drivers,feature,high
5599,hardware_drivers,feature,high
5600,apps_packages,bug_fix,high
5603,display_capture,bug_fix,high
5604,shell_ui,feature,high
5605,terminal_dev_env,feature,high
5606,hardware_drivers,feature,high
5607,display_capture,feature,high
5610,install_update,feature,medium
5611,agents_ai,feature,medium
5612,theming_appearance,bug_fix,high
5618,display_capture,feature,high
5620,hardware_drivers,bug_fix,high
5621,power_session,feature,high
5622,hyprland_windowing,feature,high
5623,display_capture,feature,high
5626,display_capture,feature,high
5630,theming_appearance,bug_fix,high
5635,apps_packages,feature,high
5636,display_capture,feature,high
5637,install_update,feature,high
5638,shell_ui,feature,high
5639,shell_ui,feature,high
5640,hyprland_windowing,bug_fix,high
5641,terminal_dev_env,performance,high
5648,hardware_drivers,bug_fix,high
5649,cli_repo_misc,bug_fix,medium
5653,power_session,feature,high
5654,apps_packages,feature,high
5655,hardware_drivers,feature,high
5656,shell_ui,refactor,high
5660,shell_ui,bug_fix,high
5661,cli_repo_misc,bug_fix,high
5662,cli_repo_misc,bug_fix,high
5668,terminal_dev_env,feature,high
5674,apps_packages,feature,medium
5677,shell_ui,bug_fix,high
5678,hardware_drivers,feature,high
5679,shell_ui,feature,high
5680,cli_repo_misc,bug_fix,high
5681,install_update,feature,high
5682,power_session,bug_fix,low
5683,networking,feature,high
5685,install_update,bug_fix,high
5686,apps_packages,feature,high
5691,shell_ui,feature,high
5698,cli_repo_misc,other,low
5699,apps_packages,packaging,high
5700,theming_appearance,bug_fix,high
5701,cli_repo_misc,bug_fix,high
5702,hyprland_windowing,bug_fix,high
5703,power_session,bug_fix,high
5704,shell_ui,bug_fix,high
5705,power_session,bug_fix,high
5709,security_auth,security,high
5711,theming_appearance,feature,high
5714,shell_ui,feature,high
5716,power_session,feature,high
5717,hyprland_windowing,feature,high
5721,apps_packages,feature,high
5728,cli_repo_misc,bug_fix,medium
5733,theming_appearance,bug_fix,high
5734,shell_ui,feature,high
5735,networking,bug_fix,high
5736,power_session,bug_fix,high
5739,hyprland_windowing,bug_fix,high
5740,apps_packages,feature,high
5741,install_update,feature,high
5744,apps_packages,feature,high
5745,shell_ui,feature,high
5746,apps_packages,feature,medium
5747,theming_appearance,feature,high
5748,hyprland_windowing,refactor,high
5750,power_session,feature,high
5756,shell_ui,feature,high
5760,display_capture,bug_fix,high
5761,power_session,bug_fix,high
5763,display_capture,feature,high
5766,hyprland_windowing,bug_fix,high
5767,hyprland_windowing,bug_fix,high
5769,apps_packages,other,high
5770,shell_ui,bug_fix,high
5771,shell_ui,feature,high
5772,hyprland_windowing,bug_fix,high
5774,apps_packages,feature,high
5779,theming_appearance,feature,high
5783,display_capture,feature,high
5785,terminal_dev_env,feature,high
5786,terminal_dev_env,feature,high
5788,apps_packages,bug_fix,high
5790,apps_packages,packaging,high
5791,cli_repo_misc,bug_fix,high
5792,apps_packages,feature,high
5793,apps_packages,feature,high
5794,shell_ui,feature,high
5796,terminal_dev_env,feature,high
5799,apps_packages,feature,high
5802,shell_ui,feature,high
5806,shell_ui,bug_fix,high
5809,theming_appearance,feature,high
5815,display_capture,feature,high
5817,hyprland_windowing,bug_fix,high
5818,apps_packages,feature,high
5828,hyprland_windowing,bug_fix,high
5829,cli_repo_misc,refactor,high
5830,hardware_drivers,feature,high
5835,shell_ui,bug_fix,high
5836,cli_repo_misc,feature,high
5837,shell_ui,bug_fix,high
5838,shell_ui,feature,high
5839,power_session,bug_fix,high
5841,shell_ui,feature,high
5846,terminal_dev_env,refactor,high
5850,terminal_dev_env,bug_fix,high
5855,terminal_dev_env,refactor,high
5858,audio_media,feature,high
5859,audio_media,feature,high
5860,shell_ui,feature,high
5861,terminal_dev_env,performance,high
5863,hyprland_windowing,bug_fix,high
5864,install_update,bug_fix,high
5865,install_update,bug_fix,high
5866,install_update,bug_fix,high
5867,theming_appearance,refactor,high
5869,theming_appearance,bug_fix,high
5872,shell_ui,refactor,high
5873,shell_ui,feature,high
5880,shell_ui,feature,high
5881,hyprland_windowing,bug_fix,high
5883,power_session,refactor,high
5884,hyprland_windowing,bug_fix,high
5889,apps_packages,feature,high
5890,terminal_dev_env,feature,high
5895,shell_ui,feature,medium
5896,cli_repo_misc,performance,high
5897,apps_packages,bug_fix,high
5898,power_session,bug_fix,high
5899,hyprland_windowing,feature,high
5901,apps_packages,feature,high
5902,cli_repo_misc,refactor,high
5907,display_capture,bug_fix,high
5915,audio_media,feature,high
5917,apps_packages,bug_fix,high
5918,apps_packages,bug_fix,high
5919,apps_packages,bug_fix,high
5920,apps_packages,bug_fix,high
5922,hyprland_windowing,bug_fix,high
5925,cli_repo_misc,docs,high
5926,hyprland_windowing,bug_fix,high
5927,shell_ui,bug_fix,high
5928,power_session,feature,high
5932,apps_packages,feature,high
5934,apps_packages,bug_fix,high
5936,apps_packages,packaging,high
5937,apps_packages,packaging,high
5938,install_update,feature,high
5941,power_session,bug_fix,high
5942,audio_media,feature,high
5945,apps_packages,feature,high
5949,install_update,feature,high
5950,install_update,bug_fix,high
5951,install_update,feature,high
5954,terminal_dev_env,feature,high
5957,shell_ui,bug_fix,high
5958,power_session,bug_fix,high
5962,shell_ui,feature,high
5964,cli_repo_misc,bug_fix,high
5967,power_session,bug_fix,high
5968,apps_packages,feature,high
5970,hardware_drivers,bug_fix,high
5975,power_session,feature,high
5981,hyprland_windowing,feature,high
5985,audio_media,bug_fix,high
5987,hyprland_windowing,feature,high
5988,cli_repo_misc,docs,high
5990,theming_appearance,feature,high
5992,theming_appearance,feature,high
5993,hardware_drivers,bug_fix,high
5995,shell_ui,feature,high
5998,hardware_drivers,feature,high
5999,apps_packages,feature,high
6002,display_capture,feature,high
6003,security_auth,feature,high
6013,power_session,feature,medium
6015,power_session,feature,medium
6017,apps_packages,feature,high
6018,shell_ui,bug_fix,high
6019,apps_packages,feature,high
6020,shell_ui,bug_fix,high
6021,apps_packages,packaging,high
6027,install_update,feature,high
6032,apps_packages,feature,high
6035,power_session,bug_fix,high
6038,networking,feature,high
6042,terminal_dev_env,bug_fix,high
6044,shell_ui,feature,high
6046,power_session,feature,high
6047,theming_appearance,refactor,high
6048,theming_appearance,feature,high
6049,terminal_dev_env,feature,high
6050,terminal_dev_env,feature,high
6051,theming_appearance,feature,high
6052,apps_packages,packaging,high
6057,terminal_dev_env,bug_fix,high
6058,theming_appearance,feature,high
6061,terminal_dev_env,bug_fix,high
6062,cli_repo_misc,bug_fix,high
6065,security_auth,bug_fix,high
6066,theming_appearance,feature,low
6067,apps_packages,feature,high
6069,shell_ui,feature,high
6070,apps_packages,feature,high
6071,apps_packages,feature,high
6074,apps_packages,feature,medium
6077,apps_packages,bug_fix,high
6078,apps_packages,feature,high
6081,shell_ui,bug_fix,high
6086,power_session,feature,high
6090,hardware_drivers,feature,high
6091,power_session,bug_fix,high
6092,apps_packages,bug_fix,high
6093,hardware_drivers,bug_fix,high
6098,apps_packages,feature,high
6100,hyprland_windowing,feature,high
6104,terminal_dev_env,feature,high
6105,apps_packages,feature,high
6107,cli_repo_misc,bug_fix,high
6112,terminal_dev_env,bug_fix,high
6113,cli_repo_misc,other,low
6116,hyprland_windowing,bug_fix,high
6118,hyprland_windowing,feature,high
6120,apps_packages,feature,high
6121,security_auth,bug_fix,high
6122,display_capture,bug_fix,high
6126,shell_ui,feature,high
6127,power_session,feature,high
6129,theming_appearance,feature,high
6131,shell_ui,feature,high
6133,shell_ui,bug_fix,high
6134,terminal_dev_env,feature,high
6135,hyprland_windowing,feature,high
6136,shell_ui,feature,high
6137,shell_ui,feature,high
6139,hardware_drivers,feature,high
6140,hyprland_windowing,feature,high
6145,shell_ui,feature,high
6149,hardware_drivers,bug_fix,high
6150,apps_packages,packaging,high
6153,apps_packages,feature,high
6155,power_session,feature,high
6157,power_session,feature,high
6161,hardware_drivers,bug_fix,high
6164,hyprland_windowing,feature,high
6166,hyprland_windowing,feature,high
6168,display_capture,bug_fix,high
6173,install_update,refactor,high
6174,install_update,bug_fix,high
6175,install_update,bug_fix,high
6176,shell_ui,feature,high
6177,shell_ui,feature,high
6178,shell_ui,feature,high
6179,shell_ui,feature,high
6180,cli_repo_misc,feature,high
6183,install_update,bug_fix,high
6184,theming_appearance,feature,high
6190,apps_packages,packaging,high
6193,terminal_dev_env,bug_fix,high
6194,hyprland_windowing,bug_fix,high
6195,display_capture,bug_fix,high
6196,install_update,bug_fix,high
6197,cli_repo_misc,bug_fix,high
6198,terminal_dev_env,bug_fix,high
6199,hardware_drivers,feature,high
6200,hardware_drivers,feature,high
6201,hyprland_windowing,bug_fix,high
6202,install_update,feature,high
6204,shell_ui,bug_fix,high
6210,cli_repo_misc,docs,high
6211,cli_repo_misc,docs,high
6212,display_capture,bug_fix,high
6215,terminal_dev_env,bug_fix,high
6217,apps_packages,packaging,high
6218,shell_ui,bug_fix,high
6220,install_update,feature,high
6221,shell_ui,bug_fix,high
6227,theming_appearance,feature,high
6235,power_session,bug_fix,high
6236,power_session,bug_fix,high
6237,apps_packages,refactor,high
6303,power_session,feature,high
6304,security_auth,feature,high
6305,shell_ui,feature,high
6306,security_auth,bug_fix,high
6307,shell_ui,bug_fix,high
6308,terminal_dev_env,refactor,high
6310,cli_repo_misc,docs,high
6313,shell_ui,feature,high
6315,terminal_dev_env,bug_fix,high
6317,hyprland_windowing,bug_fix,high
6319,audio_media,bug_fix,high
6321,networking,feature,high
6322,theming_appearance,feature,high
6324,shell_ui,bug_fix,high
6325,shell_ui,bug_fix,high
6326,shell_ui,bug_fix,high
6327,terminal_dev_env,feature,high
6329,terminal_dev_env,packaging,high
6333,apps_packages,bug_fix,high
6334,networking,feature,high
6335,shell_ui,feature,high
6336,shell_ui,bug_fix,high
6338,cli_repo_misc,bug_fix,high
6340,shell_ui,bug_fix,high
6341,hardware_drivers,feature,high
6342,power_session,feature,high
6343,hyprland_windowing,bug_fix,high
6344,install_update,bug_fix,high
6346,hardware_drivers,feature,high
6347,theming_appearance,feature,high
6348,shell_ui,feature,high
6350,terminal_dev_env,bug_fix,high
6351,power_session,feature,high
6352,power_session,feature,high
6353,power_session,feature,high
6354,install_update,bug_fix,high
6356,apps_packages,bug_fix,high
6357,apps_packages,bug_fix,high
6358,shell_ui,feature,high
6361,hardware_drivers,bug_fix,high
6362,display_capture,feature,high
6363,display_capture,bug_fix,high
6364,power_session,bug_fix,high
6366,shell_ui,bug_fix,high
6367,shell_ui,bug_fix,high
6372,apps_packages,packaging,high
6373,shell_ui,bug_fix,high
6377,theming_appearance,bug_fix,high
6381,shell_ui,feature,high
6382,hyprland_windowing,feature,high
6383,shell_ui,feature,high
6384,display_capture,bug_fix,high
6385,shell_ui,feature,high
6392,shell_ui,feature,high
6393,hardware_drivers,feature,medium
6395,shell_ui,feature,high
6396,shell_ui,feature,high
6397,hardware_drivers,feature,high
6400,shell_ui,feature,high
6402,display_capture,feature,high
6404,install_update,feature,high
6408,shell_ui,feature,high
6409,shell_ui,feature,high
6410,shell_ui,feature,high
6412,shell_ui,bug_fix,high
6413,shell_ui,bug_fix,high
6417,shell_ui,bug_fix,high
6418,shell_ui,bug_fix,high
6419,hyprland_windowing,bug_fix,high
6421,shell_ui,bug_fix,high
6422,shell_ui,bug_fix,high
6424,apps_packages,bug_fix,high
6425,shell_ui,bug_fix,high
6427,networking,performance,high
6428,networking,performance,high
6429,hyprland_windowing,bug_fix,high
6430,hyprland_windowing,bug_fix,high
6432,install_update,feature,high
6434,cli_repo_misc,docs,high
6444,shell_ui,bug_fix,high
6446,networking,bug_fix,high
6447,terminal_dev_env,bug_fix,high
6449,hyprland_windowing,bug_fix,high
6451,theming_appearance,feature,high
6452,display_capture,bug_fix,high
6454,shell_ui,feature,high
6457,display_capture,bug_fix,high
6458,apps_packages,packaging,high
6459,cli_repo_misc,docs,high
6460,terminal_dev_env,feature,high
6463,networking,feature,high
6464,agents_ai,feature,high
6466,display_capture,feature,high
6467,shell_ui,bug_fix,high
6469,display_capture,feature,high
6470,display_capture,feature,high
6471,networking,feature,high
6472,agents_ai,feature,high
6474,terminal_dev_env,feature,high
6477,agents_ai,feature,high
6478,agents_ai,bug_fix,high
6479,display_capture,feature,high
6480,theming_appearance,feature,high
6481,terminal_dev_env,feature,high
6482,install_update,bug_fix,high
6483,hyprland_windowing,feature,high
6484,theming_appearance,feature,high
6485,agents_ai,feature,high
6487,shell_ui,bug_fix,high
6489,hyprland_windowing,bug_fix,high
6490,display_capture,feature,high
6491,cli_repo_misc,bug_fix,high
6492,power_session,feature,high
6494,cli_repo_misc,bug_fix,high
6495,theming_appearance,bug_fix,high
6496,display_capture,bug_fix,high
6497,terminal_dev_env,bug_fix,high
6501,shell_ui,feature,high
6502,shell_ui,bug_fix,high
6503,shell_ui,bug_fix,high
6504,agents_ai,bug_fix,high
6505,shell_ui,performance,high
6506,theming_appearance,bug_fix,high
6507,shell_ui,bug_fix,high
6508,shell_ui,bug_fix,high
6509,networking,bug_fix,high
6510,shell_ui,bug_fix,high
6511,security_auth,security,high
6512,networking,feature,high
6513,networking,feature,high
6514,networking,bug_fix,high
6515,security_auth,feature,high
6516,agents_ai,feature,high
6517,hyprland_windowing,feature,high
6520,install_update,bug_fix,high
6521,theming_appearance,feature,high
6523,display_capture,feature,high
6524,display_capture,feature,high
6525,shell_ui,bug_fix,high
6526,agents_ai,feature,high
6528,security_auth,bug_fix,high
6529,networking,bug_fix,high
6531,security_auth,security,high
6532,install_update,bug_fix,high
6533,hardware_drivers,bug_fix,high
6535,hardware_drivers,bug_fix,high
6536,shell_ui,feature,high
6538,power_session,feature,high
6539,install_update,bug_fix,high
6541,shell_ui,feature,high
6542,agents_ai,feature,high
6546,theming_appearance,bug_fix,high
6548,audio_media,bug_fix,high
6550,display_capture,feature,high
6553,install_update,bug_fix,high
6555,cli_repo_misc,refactor,high
6556,shell_ui,feature,high
6557,terminal_dev_env,feature,high
6560,hyprland_windowing,bug_fix,high
6568,shell_ui,performance,high
6569,shell_ui,bug_fix,high
6570,shell_ui,feature,high
6571,hyprland_windowing,bug_fix,high
6572,power_session,bug_fix,high
6578,hardware_drivers,bug_fix,high
6579,install_update,bug_fix,high
6580,install_update,bug_fix,high
6584,networking,bug_fix,high
6585,install_update,bug_fix,high
6586,install_update,bug_fix,high
6587,shell_ui,bug_fix,high
6588,audio_media,bug_fix,high
6589,audio_media,bug_fix,high
6591,agents_ai,feature,high
6593,apps_packages,feature,high
6594,shell_ui,bug_fix,high
6596,hardware_drivers,feature,high
6604,agents_ai,feature,high
6606,apps_packages,feature,high
6610,install_update,docs,medium
6611,shell_ui,feature,high
6619,terminal_dev_env,bug_fix,high
6622,cli_repo_misc,refactor,high
6623,hyprland_windowing,feature,high
6626,apps_packages,bug_fix,high
6635,theming_appearance,feature,high
6638,theming_appearance,bug_fix,high
6639,shell_ui,feature,high
6640,power_session,feature,high
6641,audio_media,feature,high
6642,display_capture,bug_fix,high
6643,cli_repo_misc,security,high
6644,agents_ai,feature,high
6645,agents_ai,feature,high
6646,shell_ui,bug_fix,high
6647,agents_ai,feature,high
6652,networking,bug_fix,high
6655,agents_ai,bug_fix,high
6657,agents_ai,bug_fix,high
6662,hyprland_windowing,feature,high
6663,shell_ui,bug_fix,high
6664,hardware_drivers,bug_fix,high
6672,networking,bug_fix,high
6675,display_capture,bug_fix,high
6677,shell_ui,performance,high
6679,display_capture,feature,high
6688,display_capture,bug_fix,high
6691,agents_ai,feature,high
6693,hyprland_windowing,bug_fix,high
6694,cli_repo_misc,security,high
6696,theming_appearance,bug_fix,high
6697,terminal_dev_env,feature,high
6698,audio_media,feature,high
6699,shell_ui,bug_fix,high
6700,power_session,bug_fix,high
6703,shell_ui,bug_fix,high
6708,audio_media,feature,high
6710,display_capture,feature,high
6717,install_update,bug_fix,high
6718,cli_repo_misc,docs,high
6719,security_auth,feature,high
6720,hyprland_windowing,feature,high
6724,audio_media,feature,high
6725,shell_ui,bug_fix,high
6727,shell_ui,performance,high
6730,install_update,bug_fix,high
6732,display_capture,bug_fix,high
6736,apps_packages,bug_fix,high
6737,hardware_drivers,bug_fix,high
6738,hardware_drivers,bug_fix,high
6739,apps_packages,bug_fix,high
6740,shell_ui,bug_fix,high
6741,networking,bug_fix,high
6742,apps_packages,feature,high
6750,apps_packages,feature,high
6752,display_capture,bug_fix,high
6753,power_session,bug_fix,high
6756,power_session,bug_fix,high
6760,display_capture,bug_fix,high
6761,terminal_dev_env,bug_fix,high
6763,cli_repo_misc,refactor,high
6766,agents_ai,bug_fix,high
6767,install_update,bug_fix,high
6771,agents_ai,feature,high
6772,networking,bug_fix,high
6773,terminal_dev_env,bug_fix,high
6775,theming_appearance,bug_fix,high
6776,shell_ui,feature,high
6777,shell_ui,feature,high
6779,agents_ai,feature,high
6780,agents_ai,performance,high
6781,shell_ui,bug_fix,high
6785,shell_ui,bug_fix,high
6788,cli_repo_misc,bug_fix,high
6791,hardware_drivers,bug_fix,high
6792,theming_appearance,feature,high
6796,agents_ai,feature,high
6797,display_capture,feature,high
6801,shell_ui,bug_fix,high
6802,apps_packages,feature,high
6803,agents_ai,feature,high
6807,networking,feature,high
6808,agents_ai,bug_fix,high
6809,cli_repo_misc,docs,high
6810,agents_ai,feature,high
6812,terminal_dev_env,feature,high
6813,shell_ui,bug_fix,high
6817,power_session,bug_fix,high
6822,agents_ai,feature,medium
6825,agents_ai,feature,medium
6826,install_update,bug_fix,high
6827,agents_ai,feature,high
6828,agents_ai,bug_fix,high
6829,networking,feature,high
6834,hyprland_windowing,bug_fix,high
6837,install_update,bug_fix,high
6839,cli_repo_misc,bug_fix,high
6840,install_update,bug_fix,high
6842,install_update,bug_fix,high
6844,agents_ai,feature,high
6845,power_session,bug_fix,high
6847,install_update,bug_fix,high
6849,display_capture,bug_fix,high
6856,power_session,bug_fix,high
6857,agents_ai,bug_fix,high
6859,cli_repo_misc,refactor,high
6860,shell_ui,bug_fix,high
6863,security_auth,feature,high
6865,theming_appearance,bug_fix,high
6867,cli_repo_misc,docs,high
6877,networking,feature,high
6884,install_update,bug_fix,high
6892,shell_ui,bug_fix,high
6893,apps_packages,bug_fix,high
6896,install_update,bug_fix,high
6897,audio_media,bug_fix,high
6899,agents_ai,feature,high
6900,agents_ai,feature,high
6902,agents_ai,feature,high
6904,shell_ui,feature,high
6906,apps_packages,bug_fix,high
6907,terminal_dev_env,bug_fix,high
6912,security_auth,bug_fix,high
6916,hyprland_windowing,feature,high
6918,networking,bug_fix,high
6919,hyprland_windowing,bug_fix,high
6920,shell_ui,feature,high
6921,hardware_drivers,feature,high
6924,hyprland_windowing,bug_fix,high
6928,hardware_drivers,feature,high
6929,hardware_drivers,feature,high
6930,networking,feature,high
6932,audio_media,bug_fix,high
6945,theming_appearance,bug_fix,high
6954,shell_ui,bug_fix,high
6958,terminal_dev_env,bug_fix,high
6959,cli_repo_misc,docs,high
6961,shell_ui,feature,high
6963,terminal_dev_env,bug_fix,high
6964,terminal_dev_env,bug_fix,high
6965,cli_repo_misc,feature,high
6966,networking,feature,high
6967,terminal_dev_env,feature,high
6969,agents_ai,feature,high
6972,install_update,bug_fix,high
6979,apps_packages,feature,high
6980,agents_ai,feature,high
6984,terminal_dev_env,bug_fix,high
6986,display_capture,bug_fix,high
7000,display_capture,feature,high
7002,cli_repo_misc,docs,high
7004,networking,bug_fix,high
7007,display_capture,bug_fix,high
7011,shell_ui,performance,high
7015,terminal_dev_env,bug_fix,high
7016,shell_ui,feature,high
7017,shell_ui,feature,high
7020,hyprland_windowing,bug_fix,high
7023,shell_ui,bug_fix,high
7024,shell_ui,bug_fix,high
7026,install_update,bug_fix,high
7029,shell_ui,bug_fix,high
7030,apps_packages,feature,high
7031,security_auth,feature,high
7036,display_capture,bug_fix,high
7037,audio_media,feature,high
7039,apps_packages,feature,high
7040,security_auth,feature,high
7042,shell_ui,feature,high
7044,hardware_drivers,bug_fix,high
7046,cli_repo_misc,other,low
7048,networking,bug_fix,high
7051,agents_ai,feature,high
7055,networking,bug_fix,high
7057,theming_appearance,feature,high
7062,networking,feature,high
7063,cli_repo_misc,docs,high
7064,hardware_drivers,feature,high
7065,networking,bug_fix,high
7068,networking,feature,high
7071,install_update,bug_fix,high
7074,shell_ui,feature,high
7075,shell_ui,feature,high
7079,agents_ai,feature,high
7080,theming_appearance,packaging,high
7082,agents_ai,feature,high
7087,agents_ai,feature,high
7088,security_auth,bug_fix,high
7092,hardware_drivers,packaging,high
7094,hyprland_windowing,feature,high
7095,shell_ui,bug_fix,high
7129,audio_media,bug_fix,high
7132,power_session,bug_fix,high
7134,agents_ai,feature,high
7136,shell_ui,feature,high
7137,shell_ui,feature,high
7138,power_session,bug_fix,high
7140,hardware_drivers,feature,high
7142,agents_ai,feature,high
7143,terminal_dev_env,bug_fix,high
7144,apps_packages,bug_fix,high
7146,display_capture,bug_fix,high
7147,audio_media,feature,high
7151,shell_ui,performance,high
7152,display_capture,feature,high
7155,cli_repo_misc,performance,high
7157,agents_ai,feature,high
7158,security_auth,bug_fix,high
7161,install_update,feature,high
7163,shell_ui,feature,high
7164,security_auth,bug_fix,high
7165,shell_ui,feature,high
7167,install_update,bug_fix,high
7168,audio_media,feature,high
7169,power_session,bug_fix,high
7171,hyprland_windowing,feature,high
7173,shell_ui,feature,high
7177,hardware_drivers,bug_fix,high
7179,security_auth,bug_fix,high
7180,networking,bug_fix,high
7182,power_session,bug_fix,high
7186,power_session,bug_fix,high
7187,terminal_dev_env,bug_fix,high
7188,display_capture,bug_fix,high
7189,display_capture,feature,high
7191,shell_ui,bug_fix,high
7192,audio_media,packaging,high
7193,power_session,feature,high
7196,hardware_drivers,feature,high
7197,terminal_dev_env,feature,high
7200,agents_ai,feature,high
7204,shell_ui,bug_fix,high
7205,audio_media,feature,high
7207,display_capture,bug_fix,high
7208,shell_ui,feature,high
7210,power_session,feature,medium
7212,shell_ui,bug_fix,high
7216,cli_repo_misc,docs,high
7219,shell_ui,bug_fix,high
7223,install_update,bug_fix,high
7224,display_capture,performance,high
7225,agents_ai,bug_fix,high
7226,shell_ui,feature,high
7230,shell_ui,bug_fix,high
7231,cli_repo_misc,performance,high
7235,terminal_dev_env,bug_fix,high
7240,theming_appearance,bug_fix,high
7241,shell_ui,bug_fix,high
7243,shell_ui,feature,high
7245,shell_ui,bug_fix,high
7246,shell_ui,feature,high
7247,agents_ai,packaging,high
7250,audio_media,bug_fix,high
7251,shell_ui,feature,high
7254,shell_ui,bug_fix,high
7256,hyprland_windowing,bug_fix,high
7258,hardware_drivers,feature,high
7259,shell_ui,bug_fix,high
7261,agents_ai,feature,high
7267,theming_appearance,feature,high
7269,shell_ui,performance,high
7273,audio_media,bug_fix,high
7274,agents_ai,feature,high
7278,display_capture,bug_fix,high
7282,hyprland_windowing,feature,high
7283,hyprland_windowing,bug_fix,high
7285,hyprland_windowing,bug_fix,high
7286,apps_packages,feature,high
7289,display_capture,bug_fix,high
7290,shell_ui,bug_fix,high
7293,power_session,bug_fix,high
7295,power_session,feature,high
7296,shell_ui,bug_fix,high
7297,agents_ai,docs,high
7298,shell_ui,performance,high
7302,audio_media,docs,high
7304,hyprland_windowing,bug_fix,high
7306,audio_media,feature,high
7307,power_session,bug_fix,high
7308,audio_media,feature,high
7309,cli_repo_misc,bug_fix,high
7313,display_capture,bug_fix,high
7314,apps_packages,bug_fix,high
7318,install_update,docs,high
7319,cli_repo_misc,bug_fix,high
7320,shell_ui,bug_fix,high
7321,hardware_drivers,feature,high
7322,cli_repo_misc,docs,high
7329,display_capture,bug_fix,high
7332,shell_ui,feature,high
7333,hardware_drivers,feature,high
7334,power_session,feature,high
7336,hardware_drivers,bug_fix,high
7337,theming_appearance,feature,high
7338,terminal_dev_env,refactor,high
7340,display_capture,feature,high
7343,hardware_drivers,bug_fix,high
7344,shell_ui,feature,high
7345,shell_ui,feature,high
7348,audio_media,packaging,high
7351,shell_ui,bug_fix,high
7353,networking,feature,high
7356,networking,bug_fix,high
7357,install_update,bug_fix,high
7358,shell_ui,feature,high
7359,apps_packages,bug_fix,high
7363,apps_packages,feature,high
7365,cli_repo_misc,bug_fix,high
7366,shell_ui,bug_fix,high
7367,shell_ui,feature,high
7370,shell_ui,bug_fix,high
7372,shell_ui,feature,high
7373,power_session,bug_fix,high
7375,hyprland_windowing,bug_fix,high
7381,shell_ui,bug_fix,high
7385,audio_media,bug_fix,high
7386,power_session,feature,high
7387,shell_ui,bug_fix,high
7392,agents_ai,feature,high
7393,agents_ai,feature,high
7394,agents_ai,feature,high
7396,install_update,bug_fix,high
7398,cli_repo_misc,bug_fix,high
7400,install_update,bug_fix,high
7401,cli_repo_misc,refactor,high
7402,cli_repo_misc,refactor,high
7403,install_update,bug_fix,high
7404,theming_appearance,bug_fix,high
7405,cli_repo_misc,bug_fix,high
7406,cli_repo_misc,bug_fix,high
7408,display_capture,bug_fix,high
7409,hyprland_windowing,feature,high
7410,install_update,bug_fix,high
7413,shell_ui,bug_fix,high
7414,display_capture,feature,high
7415,display_capture,feature,high
7417,networking,feature,high
7419,hyprland_windowing,bug_fix,high
7422,display_capture,feature,high
7425,cli_repo_misc,docs,high
7428,hyprland_windowing,docs,high
7430,shell_ui,bug_fix,high
7431,shell_ui,bug_fix,high
7433,shell_ui,feature,high
7434,shell_ui,feature,high
7435,networking,feature,high
7436,theming_appearance,feature,high
7437,display_capture,feature,high
7443,networking,bug_fix,high
7444,apps_packages,bug_fix,high
7445,shell_ui,bug_fix,high
7446,apps_packages,bug_fix,high
7447,power_session,bug_fix,high
7448,apps_packages,bug_fix,high
7449,shell_ui,bug_fix,high
7450,hyprland_windowing,bug_fix,high
7451,shell_ui,performance,high
7452,shell_ui,feature,high
7455,agents_ai,bug_fix,high
7457,apps_packages,bug_fix,high
7459,hardware_drivers,bug_fix,high
7463,cli_repo_misc,docs,high
7465,hyprland_windowing,bug_fix,high
7468,theming_appearance,bug_fix,high
7471,power_session,bug_fix,high
7473,cli_repo_misc,bug_fix,high
7474,install_update,bug_fix,high
7475,shell_ui,bug_fix,high
7484,display_capture,feature,high
7485,terminal_dev_env,feature,high
7486,theming_appearance,feature,high
7487,hardware_drivers,bug_fix,high
7488,hardware_drivers,bug_fix,high
7491,audio_media,bug_fix,high
7493,display_capture,feature,high
7494,apps_packages,bug_fix,high
7495,display_capture,bug_fix,high
7497,display_capture,bug_fix,high
7499,cli_repo_misc,docs,high
7500,hyprland_windowing,bug_fix,high
7501,install_update,bug_fix,high
7503,shell_ui,bug_fix,high
7512,shell_ui,bug_fix,high
7513,shell_ui,feature,high
7517,shell_ui,feature,high
7519,display_capture,feature,high
7526,agents_ai,feature,high
7528,power_session,bug_fix,high
7529,install_update,bug_fix,high
7531,networking,feature,high
7532,display_capture,bug_fix,high
7536,shell_ui,feature,high
7537,agents_ai,feature,high
7538,terminal_dev_env,bug_fix,high
7541,shell_ui,feature,high
7542,theming_appearance,feature,high
7543,agents_ai,feature,high
7545,shell_ui,feature,high
7546,shell_ui,bug_fix,high
7547,agents_ai,feature,high
7550,shell_ui,feature,high
7551,networking,bug_fix,high
7553,install_update,bug_fix,high
7554,agents_ai,feature,high
7560,shell_ui,bug_fix,high
7563,shell_ui,bug_fix,high
7564,shell_ui,bug_fix,high
7566,agents_ai,feature,high
7568,shell_ui,feature,high
7570,apps_packages,feature,high
7572,shell_ui,bug_fix,high
7575,display_capture,bug_fix,high
7577,hardware_drivers,bug_fix,high
7578,power_session,bug_fix,high
7579,hyprland_windowing,feature,high
7581,display_capture,bug_fix,high
7587,shell_ui,bug_fix,high
7589,power_session,bug_fix,high
7592,power_session,bug_fix,high
7594,hardware_drivers,bug_fix,high
7598,networking,bug_fix,high
7599,apps_packages,bug_fix,high
7600,apps_packages,bug_fix,high
7601,cli_repo_misc,docs,high
7605,shell_ui,bug_fix,high
7606,power_session,feature,high
7609,install_update,bug_fix,high
7610,shell_ui,feature,high
7615,hyprland_windowing,bug_fix,high
7616,agents_ai,feature,high
7622,shell_ui,feature,high
7623,networking,performance,high
7626,terminal_dev_env,feature,high
7628,hyprland_windowing,bug_fix,high
7631,cli_repo_misc,docs,high
7637,shell_ui,bug_fix,high
7641,power_session,feature,high
7643,power_session,feature,high
7644,hardware_drivers,bug_fix,high
7649,agents_ai,bug_fix,high
7651,cli_repo_misc,feature,high
7653,shell_ui,bug_fix,high
7654,cli_repo_misc,docs,high
7655,install_update,feature,high
7657,shell_ui,bug_fix,high
7659,shell_ui,bug_fix,high
7660,hyprland_windowing,bug_fix,high
7661,shell_ui,bug_fix,high
7663,power_session,feature,high
7664,audio_media,feature,high
7667,security_auth,docs,high
7671,hardware_drivers,feature,high
7680,power_session,feature,high
7681,power_session,feature,high
7682,shell_ui,feature,high
7683,shell_ui,feature,high
7684,agents_ai,feature,high
7686,agents_ai,bug_fix,high
7687,agents_ai,feature,high
7688,power_session,bug_fix,high
7689,cli_repo_misc,docs,high
7690,terminal_dev_env,docs,high
7692,shell_ui,bug_fix,high
7693,agents_ai,feature,high
7694,networking,feature,high
7699,power_session,bug_fix,high
7700,hyprland_windowing,bug_fix,high
7701,agents_ai,feature,high
7703,security_auth,security,high
7705,agents_ai,feature,high
7708,shell_ui,bug_fix,high
7710,shell_ui,feature,high
7713,theming_appearance,feature,high
7714,audio_media,feature,high
7715,apps_packages,packaging,high
7716,hyprland_windowing,bug_fix,high
7717,hyprland_windowing,bug_fix,high
7718,theming_appearance,feature,high
7720,power_session,docs,high
7722,shell_ui,feature,high
7723,shell_ui,bug_fix,high
7725,agents_ai,feature,high
7726,hardware_drivers,bug_fix,high
7727,hyprland_windowing,feature,high
7729,shell_ui,feature,high
7731,networking,feature,high
7732,hardware_drivers,feature,high
7734,agents_ai,feature,high
7736,hyprland_windowing,bug_fix,high
7737,shell_ui,feature,high
7738,shell_ui,bug_fix,high
7740,shell_ui,bug_fix,high
7742,audio_media,bug_fix,high
7745,audio_media,bug_fix,high
7746,audio_media,feature,high
7748,theming_appearance,feature,high
7751,agents_ai,bug_fix,high
7754,shell_ui,performance,high
7756,theming_appearance,refactor,high
7757,terminal_dev_env,performance,high
7759,agents_ai,feature,high
7763,shell_ui,feature,high
7765,agents_ai,feature,high
7766,shell_ui,feature,high
7770,agents_ai,bug_fix,high
7771,shell_ui,bug_fix,high
7778,apps_packages,bug_fix,high
7780,shell_ui,bug_fix,high
7782,agents_ai,bug_fix,high
7784,agents_ai,feature,high
7787,cli_repo_misc,docs,high
7790,shell_ui,security,high
7792,cli_repo_misc,docs,high
7794,terminal_dev_env,bug_fix,high
7795,cli_repo_misc,docs,high
7796,cli_repo_misc,refactor,high
7797,shell_ui,feature,high
7798,agents_ai,feature,high
7799,agents_ai,feature,high
7800,shell_ui,feature,high
7802,cli_repo_misc,feature,high
7806,shell_ui,bug_fix,high
7807,install_update,bug_fix,high
7808,shell_ui,feature,high
7812,audio_media,bug_fix,high
7814,cli_repo_misc,feature,high
7815,networking,feature,high
7816,hyprland_windowing,feature,high
7817,apps_packages,bug_fix,high
7819,networking,bug_fix,high
7820,shell_ui,feature,high
7821,terminal_dev_env,bug_fix,high
7825,agents_ai,bug_fix,high
7826,shell_ui,bug_fix,high
7827,hardware_drivers,feature,high
7828,networking,feature,high
7829,agents_ai,bug_fix,high
7831,networking,feature,high
7833,shell_ui,bug_fix,high
7836,theming_appearance,feature,high
7837,networking,feature,high
7839,hyprland_windowing,feature,high
7840,display_capture,bug_fix,high
7843,apps_packages,bug_fix,high
7844,agents_ai,bug_fix,high
7847,apps_packages,security,high
7851,hardware_drivers,bug_fix,high
7854,shell_ui,feature,high
7857,hardware_drivers,feature,high
7861,agents_ai,feature,high
7862,shell_ui,feature,high
7863,power_session,feature,high
7864,agents_ai,bug_fix,high
7869,shell_ui,bug_fix,high
7871,security_auth,bug_fix,high
7876,shell_ui,bug_fix,high
7877,apps_packages,bug_fix,high
7880,networking,bug_fix,high
7882,networking,feature,high
7886,apps_packages,bug_fix,high
7888,cli_repo_misc,docs,high
7890,audio_media,feature,high
7891,hyprland_windowing,bug_fix,high
7892,agents_ai,bug_fix,high
7893,agents_ai,feature,high
7894,theming_appearance,feature,high
7895,power_session,bug_fix,high
7899,hyprland_windowing,feature,high
7902,apps_packages,security,high
7904,security_auth,security,high
7905,audio_media,feature,high
7907,shell_ui,bug_fix,high
7908,agents_ai,bug_fix,high
7910,hyprland_windowing,bug_fix,high
7911,agents_ai,bug_fix,high
7913,install_update,feature,high
7915,power_session,bug_fix,high
7917,power_session,bug_fix,high
7924,agents_ai,bug_fix,high
7927,theming_appearance,feature,high
7931,power_session,docs,high
7932,networking,bug_fix,high
7935,security_auth,feature,high
7938,theming_appearance,feature,high
7940,cli_repo_misc,docs,high
7941,display_capture,performance,high
7945,apps_packages,feature,high
7946,shell_ui,feature,high
7948,hardware_drivers,bug_fix,high
7950,hardware_drivers,bug_fix,high
7951,hardware_drivers,bug_fix,high
7954,shell_ui,feature,high
7955,shell_ui,feature,high
7959,shell_ui,feature,high
7965,power_session,bug_fix,high
7972,apps_packages,security,high
7975,shell_ui,feature,high
7977,theming_appearance,feature,high
7979,hyprland_windowing,bug_fix,high
7980,cli_repo_misc,bug_fix,high
7981,agents_ai,feature,high
7982,hardware_drivers,bug_fix,high
7984,apps_packages,bug_fix,high
7985,apps_packages,bug_fix,high
7986,security_auth,security,high
7990,security_auth,security,high
7992,cli_repo_misc,bug_fix,high
7993,hardware_drivers,feature,high
7994,terminal_dev_env,bug_fix,high
7995,security_auth,security,high
7998,install_update,feature,high
7999,theming_appearance,feature,high
8000,terminal_dev_env,bug_fix,high
8001,terminal_dev_env,bug_fix,high
8004,theming_appearance,bug_fix,high
8005,cli_repo_misc,docs,high
8006,cli_repo_misc,docs,high
8011,theming_appearance,feature,high
8012,shell_ui,feature,high
8014,networking,bug_fix,high
8016,shell_ui,bug_fix,high
8017,hardware_drivers,feature,high
8018,security_auth,bug_fix,high
8019,networking,feature,high
8022,networking,bug_fix,high
8023,shell_ui,bug_fix,high
8025,display_capture,feature,high
8028,display_capture,bug_fix,high
8031,shell_ui,feature,high
8033,terminal_dev_env,bug_fix,high
8034,agents_ai,feature,high
8035,networking,feature,high
8036,power_session,feature,high
8039,install_update,bug_fix,high
8043,apps_packages,bug_fix,high
8044,shell_ui,feature,high
8048,shell_ui,feature,high
8049,theming_appearance,bug_fix,high
8051,agents_ai,feature,high
8052,shell_ui,bug_fix,high
8053,display_capture,bug_fix,high
8055,display_capture,bug_fix,high
8059,hyprland_windowing,bug_fix,high
8061,install_update,bug_fix,high
8064,cli_repo_misc,docs,high
8065,agents_ai,feature,high
8066,display_capture,bug_fix,high
8067,cli_repo_misc,security,high
8071,display_capture,bug_fix,high
8073,agents_ai,bug_fix,high
8074,terminal_dev_env,refactor,high
8075,apps_packages,bug_fix,high
8076,cli_repo_misc,bug_fix,high
8081,install_update,bug_fix,high
8084,terminal_dev_env,bug_fix,high
8085,shell_ui,bug_fix,high
8086,power_session,bug_fix,high
8087,networking,bug_fix,high
8088,install_update,bug_fix,high
8089,cli_repo_misc,docs,high
8090,networking,bug_fix,high
8091,install_update,bug_fix,high
8093,agents_ai,bug_fix,high
8094,agents_ai,feature,high
8095,agents_ai,bug_fix,high
8096,audio_media,feature,high
8101,power_session,feature,high
8102,networking,feature,high
8107,hardware_drivers,bug_fix,high
8116,terminal_dev_env,feature,high
8117,install_update,feature,high
8119,security_auth,bug_fix,high
8121,theming_appearance,feature,high
8124,agents_ai,feature,high
8127,hardware_drivers,feature,high
8128,shell_ui,bug_fix,high
8129,hyprland_windowing,security,high
8130,networking,bug_fix,high
8131,hardware_drivers,bug_fix,high
8132,hardware_drivers,bug_fix,high
8133,terminal_dev_env,refactor,low
8134,power_session,bug_fix,high
8135,power_session,feature,high
8136,apps_packages,bug_fix,high
8141,install_update,bug_fix,high
8142,shell_ui,bug_fix,high
8143,power_session,bug_fix,high
8144,networking,feature,high
8145,display_capture,bug_fix,high
8146,shell_ui,bug_fix,high
8147,install_update,bug_fix,high
8148,apps_packages,feature,high
8149,agents_ai,feature,high
8150,power_session,bug_fix,high
8151,hardware_drivers,bug_fix,high
8153,apps_packages,bug_fix,high
8154,theming_appearance,feature,high
8155,theming_appearance,feature,high
8156,theming_appearance,feature,high
8157,shell_ui,feature,high
8160,shell_ui,bug_fix,high
8162,apps_packages,feature,high
8163,terminal_dev_env,bug_fix,high
8164,display_capture,bug_fix,high
8165,cli_repo_misc,refactor,high
8166,security_auth,security,high
8167,terminal_dev_env,feature,high
8170,cli_repo_misc,bug_fix,high
8171,cli_repo_misc,bug_fix,high
8172,security_auth,security,high
8175,install_update,bug_fix,high
8179,terminal_dev_env,bug_fix,high
8182,theming_appearance,feature,high
8186,apps_packages,packaging,high
8187,hardware_drivers,feature,high
8188,networking,feature,high
8191,hyprland_windowing,feature,high
8192,cli_repo_misc,docs,high
8193,agents_ai,feature,medium
8195,shell_ui,bug_fix,high
8198,hardware_drivers,bug_fix,high
8199,power_session,bug_fix,high
8203,apps_packages,bug_fix,high
8204,networking,bug_fix,high
8205,hardware_drivers,bug_fix,high
8207,theming_appearance,feature,high
8210,theming_appearance,feature,high
8214,shell_ui,bug_fix,high
8221,networking,bug_fix,high
8224,install_update,bug_fix,high
8226,hardware_drivers,bug_fix,medium
8227,hardware_drivers,feature,high
8228,apps_packages,bug_fix,high
8229,hyprland_windowing,bug_fix,high
8232,cli_repo_misc,docs,high
8235,networking,bug_fix,high
8236,hyprland_windowing,bug_fix,high
8238,display_capture,bug_fix,high
8241,display_capture,bug_fix,high
8244,power_session,feature,high
8247,power_session,feature,high
8251,networking,feature,high
8254,agents_ai,bug_fix,high
8255,hyprland_windowing,feature,high
8257,cli_repo_misc,docs,high
8258,apps_packages,bug_fix,high
8259,shell_ui,security,high
8263,hardware_drivers,bug_fix,high
8264,theming_appearance,feature,high
8265,theming_appearance,feature,high
8266,theming_appearance,feature,high
8267,agents_ai,feature,high
8268,cli_repo_misc,bug_fix,high
8269,cli_repo_misc,bug_fix,high
8276,security_auth,security,high
8277,shell_ui,feature,high
8278,shell_ui,feature,high
8280,agents_ai,feature,high
8281,hyprland_windowing,bug_fix,high
8283,shell_ui,bug_fix,high
8284,power_session,bug_fix,high
8285,hardware_drivers,feature,high
8287,install_update,docs,high
8294,networking,feature,high
8295,hardware_drivers,bug_fix,high
8296,apps_packages,bug_fix,high
8299,apps_packages,bug_fix,high
8300,display_capture,bug_fix,high
8304,power_session,feature,high
8307,shell_ui,performance,high
8308,hyprland_windowing,feature,high
8309,agents_ai,feature,high
8310,hyprland_windowing,feature,high
8313,agents_ai,performance,high
8315,networking,feature,high
8316,hardware_drivers,feature,high
8317,networking,feature,high
8318,shell_ui,feature,high
8322,shell_ui,feature,high
8324,shell_ui,performance,high
8325,shell_ui,feature,high
8326,agents_ai,bug_fix,high
8329,hardware_drivers,bug_fix,high
8330,hardware_drivers,docs,high
8333,theming_appearance,bug_fix,high
8336,security_auth,feature,high
8341,hyprland_windowing,bug_fix,high
8343,display_capture,bug_fix,high
8344,apps_packages,performance,high
8345,agents_ai,bug_fix,high
8349,shell_ui,feature,high
8350,shell_ui,feature,high
8351,networking,feature,high
8353,shell_ui,feature,high
8354,shell_ui,feature,high
8362,display_capture,bug_fix,high
8365,security_auth,security,high
8370,security_auth,security,high
8371,hardware_drivers,bug_fix,high
8374,display_capture,security,high
8377,terminal_dev_env,feature,high
8379,apps_packages,feature,high
8381,hardware_drivers,bug_fix,high
8382,hardware_drivers,bug_fix,high
8383,apps_packages,bug_fix,high
8385,hardware_drivers,bug_fix,high
8391,shell_ui,bug_fix,high
8393,theming_appearance,bug_fix,high
8396,shell_ui,feature,high
8399,shell_ui,bug_fix,high
8400,apps_packages,feature,high
8402,theming_appearance,feature,high
8405,cli_repo_misc,other,low
8406,terminal_dev_env,bug_fix,high
8407,theming_appearance,feature,high
8408,theming_appearance,feature,high
8409,power_session,feature,high
8411,hyprland_windowing,bug_fix,high
8413,apps_packages,packaging,high
8414,hardware_drivers,feature,high
8416,security_auth,security,high
8419,security_auth,security,high
8420,security_auth,security,high
8421,apps_packages,feature,high
8422,hyprland_windowing,bug_fix,high
8424,security_auth,security,high
8426,hardware_drivers,bug_fix,high
8427,hardware_drivers,bug_fix,high
8429,security_auth,security,high
8430,apps_packages,security,high
8435,shell_ui,bug_fix,high
8436,apps_packages,bug_fix,high
8437,theming_appearance,bug_fix,high
8439,shell_ui,feature,high
8441,apps_packages,bug_fix,high
8442,apps_packages,feature,high
8443,shell_ui,feature,high
8446,agents_ai,feature,high
8448,agents_ai,feature,high
8449,theming_appearance,bug_fix,high
8450,agents_ai,feature,high
8452,power_session,bug_fix,high
8455,agents_ai,bug_fix,high
8458,power_session,bug_fix,high
8464,hardware_drivers,feature,high
8465,networking,bug_fix,high
8466,terminal_dev_env,bug_fix,high
8468,cli_repo_misc,other,low
8469,theming_appearance,bug_fix,high
8473,security_auth,security,high
8476,networking,feature,high
8479,agents_ai,feature,high
8481,agents_ai,feature,high
8486,hardware_drivers,feature,high
8487,agents_ai,feature,high
8489,hardware_drivers,feature,high
8490,hardware_drivers,bug_fix,high
8493,cli_repo_misc,bug_fix,high
8496,security_auth,security,high
8497,agents_ai,bug_fix,high
8498,security_auth,security,high
8499,apps_packages,bug_fix,high
8500,display_capture,bug_fix,high
8505,shell_ui,feature,high
8506,hyprland_windowing,performance,high
8507,shell_ui,performance,high
8511,theming_appearance,feature,high
8512,display_capture,feature,high
8513,shell_ui,feature,high
8514,hardware_drivers,feature,high
8517,hyprland_windowing,bug_fix,high
8519,security_auth,security,high
8522,apps_packages,feature,high
8524,hardware_drivers,bug_fix,high
8525,display_capture,feature,high
8529,networking,feature,high
8531,security_auth,bug_fix,high
8532,security_auth,security,high
8533,networking,bug_fix,high
8534,security_auth,security,high
8537,shell_ui,feature,high
8546,hardware_drivers,bug_fix,high
8548,hyprland_windowing,bug_fix,high
8556,power_session,feature,high
8557,hyprland_windowing,feature,high
8559,shell_ui,bug_fix,high
8560,power_session,bug_fix,high
8561,power_session,bug_fix,high
8563,apps_packages,bug_fix,high
8567,shell_ui,bug_fix,high
8569,shell_ui,feature,high
8570,shell_ui,bug_fix,high
8572,networking,bug_fix,high
8573,shell_ui,feature,high
8575,apps_packages,bug_fix,high
8578,theming_appearance,performance,high
8579,power_session,feature,high
8581,power_session,bug_fix,high
8584,theming_appearance,feature,high
8585,cli_repo_misc,docs,high
8586,shell_ui,bug_fix,high
8587,shell_ui,bug_fix,high
8588,power_session,bug_fix,high
8590,cli_repo_misc,bug_fix,high
8595,power_session,feature,high
8597,terminal_dev_env,bug_fix,high
8599,hyprland_windowing,feature,high
8602,agents_ai,bug_fix,high
8605,theming_appearance,bug_fix,high
8606,shell_ui,bug_fix,high
8609,cli_repo_misc,docs,high
8610,hardware_drivers,feature,high
8611,agents_ai,feature,high
8615,shell_ui,feature,high
8617,agents_ai,feature,high
8622,theming_appearance,feature,high
8625,terminal_dev_env,bug_fix,high
8626,agents_ai,feature,high
8627,security_auth,security,high
8630,shell_ui,bug_fix,high
8631,audio_media,bug_fix,high
8632,hardware_drivers,bug_fix,high
8633,networking,bug_fix,high
8634,shell_ui,feature,high
8635,shell_ui,feature,high
8639,networking,feature,high
8640,apps_packages,feature,high
8649,agents_ai,feature,high
8652,apps_packages,bug_fix,high
8653,shell_ui,bug_fix,high
8654,shell_ui,bug_fix,high
8655,security_auth,security,high
8661,shell_ui,feature,high
8662,apps_packages,bug_fix,high
8663,power_session,bug_fix,high
8664,shell_ui,bug_fix,high
8666,shell_ui,feature,high
8670,terminal_dev_env,feature,high
8675,shell_ui,feature,high
8681,power_session,bug_fix,high
8682,hyprland_windowing,bug_fix,high
8683,networking,feature,high
8684,theming_appearance,bug_fix,high
8685,hyprland_windowing,feature,high
8688,terminal_dev_env,feature,high
8692,terminal_dev_env,bug_fix,high
8693,agents_ai,feature,high
8694,cli_repo_misc,docs,high
8695,power_session,performance,high
8696,shell_ui,performance,high
8698,apps_packages,bug_fix,high
8699,hardware_drivers,docs,high
8700,apps_packages,bug_fix,high
8704,apps_packages,bug_fix,high
8706,agents_ai,bug_fix,high
8707,networking,bug_fix,high
8708,install_update,bug_fix,high
8709,security_auth,security,high
8710,shell_ui,feature,medium
8712,power_session,bug_fix,high
8713,audio_media,bug_fix,high
8714,hardware_drivers,docs,medium
8715,agents_ai,feature,high
8717,hardware_drivers,bug_fix,high
8720,theming_appearance,feature,high
8722,hyprland_windowing,feature,high
8724,install_update,bug_fix,high
8728,display_capture,bug_fix,high
8732,display_capture,bug_fix,high
8733,power_session,bug_fix,high
8734,audio_media,bug_fix,high
8737,networking,feature,high
8738,power_session,bug_fix,high
8739,shell_ui,bug_fix,high
8741,networking,bug_fix,medium
8743,shell_ui,feature,high
8750,hardware_drivers,bug_fix,high
8752,shell_ui,bug_fix,high
8754,hardware_drivers,docs,medium
8755,agents_ai,feature,high
8756,security_auth,bug_fix,high
8757,security_auth,feature,high
8759,terminal_dev_env,bug_fix,high
8761,apps_packages,bug_fix,high
8763,shell_ui,feature,high
8765,shell_ui,feature,high
8766,shell_ui,bug_fix,high
8768,hyprland_windowing,bug_fix,high
8770,power_session,bug_fix,high
8771,install_update,bug_fix,high
8772,cli_repo_misc,docs,high
8773,display_capture,bug_fix,high
8774,power_session,feature,high
8777,shell_ui,bug_fix,high
8781,install_update,bug_fix,high
8783,hardware_drivers,docs,high
8786,hardware_drivers,bug_fix,high
8787,shell_ui,bug_fix,high
8791,install_update,bug_fix,high
8792,display_capture,bug_fix,high
8793,install_update,packaging,high
8794,shell_ui,bug_fix,high
8796,apps_packages,bug_fix,high
8798,terminal_dev_env,bug_fix,high
8801,apps_packages,feature,high
8802,shell_ui,feature,high
8804,shell_ui,feature,high
8805,security_auth,docs,high
8806,agents_ai,feature,high
8807,shell_ui,feature,high
8808,display_capture,bug_fix,high
8809,display_capture,feature,high
8811,cli_repo_misc,bug_fix,medium
8812,hardware_drivers,bug_fix,high
8815,power_session,bug_fix,high
8816,security_auth,feature,medium
8818,security_auth,bug_fix,high
8820,audio_media,feature,high
8821,hardware_drivers,bug_fix,high
8822,apps_packages,bug_fix,high
8823,agents_ai,feature,high
8824,install_update,bug_fix,high
8825,theming_appearance,feature,high
8827,display_capture,feature,high
8828,cli_repo_misc,docs,high
8829,hardware_drivers,bug_fix,high
8830,shell_ui,bug_fix,high
8831,networking,bug_fix,high
8836,agents_ai,feature,high
8837,power_session,feature,high
8838,power_session,bug_fix,high
8841,display_capture,feature,high
8846,hyprland_windowing,docs,high
8852,power_session,bug_fix,high
8854,power_session,feature,high
8857,shell_ui,feature,high
8858,install_update,feature,high
8859,networking,feature,high
8860,power_session,feature,high
8861,power_session,feature,high
8862,agents_ai,feature,high
8864,power_session,bug_fix,high
8865,theming_appearance,bug_fix,high
8866,networking,bug_fix,high
8869,power_session,bug_fix,high
8871,audio_media,feature,high
8872,shell_ui,bug_fix,high
8873,agents_ai,feature,high
8874,apps_packages,bug_fix,high
8875,hardware_drivers,bug_fix,high
8876,hyprland_windowing,bug_fix,high
8877,agents_ai,bug_fix,high
8878,hyprland_windowing,bug_fix,high
8879,apps_packages,bug_fix,high
8880,terminal_dev_env,bug_fix,high
8881,shell_ui,bug_fix,high
8882,display_capture,bug_fix,high
8883,audio_media,bug_fix,high
8884,apps_packages,performance,high
8885,hyprland_windowing,performance,high
8886,display_capture,bug_fix,high
8887,display_capture,bug_fix,high
8888,power_session,bug_fix,high
8889,hardware_drivers,bug_fix,high
8890,shell_ui,bug_fix,high
8891,agents_ai,feature,high
8892,agents_ai,bug_fix,high
8893,agents_ai,feature,high
8894,install_update,bug_fix,high
8895,power_session,bug_fix,high
8896,display_capture,bug_fix,high
8898,shell_ui,feature,high
8899,hyprland_windowing,bug_fix,high
8900,theming_appearance,bug_fix,high
8904,power_session,feature,high
8907,terminal_dev_env,bug_fix,high
8908,networking,feature,high
8910,power_session,bug_fix,high
8911,agents_ai,feature,high
8913,theming_appearance,feature,high
8923,install_update,feature,high
8925,shell_ui,bug_fix,high
8926,hardware_drivers,bug_fix,high
8927,networking,bug_fix,high
8929,networking,bug_fix,high
8930,security_auth,bug_fix,high
8932,hyprland_windowing,bug_fix,high
8935,security_auth,bug_fix,high
8939,hyprland_windowing,bug_fix,high
8940,hardware_drivers,feature,high
8941,cli_repo_misc,feature,high
8942,shell_ui,bug_fix,high
8945,apps_packages,bug_fix,high
8947,hardware_drivers,bug_fix,high
8949,shell_ui,bug_fix,high
8952,agents_ai,feature,high
8955,power_session,feature,high
8956,shell_ui,feature,high
8958,agents_ai,feature,high
8959,shell_ui,feature,high
8965,power_session,feature,high
8968,hyprland_windowing,bug_fix,high
8972,agents_ai,feature,high
8974,cli_repo_misc,docs,high
8975,shell_ui,feature,high
8977,agents_ai,bug_fix,high
8978,shell_ui,feature,high
8980,shell_ui,bug_fix,high
8981,agents_ai,feature,high
8982,display_capture,bug_fix,high
8983,agents_ai,feature,high
8984,hardware_drivers,bug_fix,high
8987,shell_ui,feature,high
8988,display_capture,feature,high
8992,install_update,bug_fix,high
8994,install_update,feature,high
8995,cli_repo_misc,docs,high
8997,shell_ui,bug_fix,high
9000,display_capture,bug_fix,high
9001,security_auth,bug_fix,high
9002,install_update,bug_fix,high
9003,apps_packages,bug_fix,high
9006,cli_repo_misc,docs,high
9009,install_update,docs,high
9010,shell_ui,feature,high
9011,hardware_drivers,bug_fix,high
9013,cli_repo_misc,bug_fix,high
9014,cli_repo_misc,bug_fix,high
9015,hyprland_windowing,feature,high
9017,terminal_dev_env,feature,high
9022,cli_repo_misc,feature,high
9024,apps_packages,feature,high
9025,hyprland_windowing,feature,high
9028,agents_ai,feature,high
9031,shell_ui,bug_fix,high
9033,display_capture,security,high
9035,apps_packages,feature,high
9036,cli_repo_misc,docs,high
9037,apps_packages,bug_fix,high
9038,terminal_dev_env,bug_fix,high
9039,terminal_dev_env,bug_fix,high
9040,terminal_dev_env,bug_fix,high
9041,hyprland_windowing,feature,high
9042,power_session,bug_fix,high
9043,security_auth,bug_fix,high
9044,power_session,bug_fix,high
9045,display_capture,bug_fix,high
9049,hyprland_windowing,feature,high
9050,shell_ui,bug_fix,high
9054,cli_repo_misc,docs,high
9056,shell_ui,bug_fix,high
9059,power_session,bug_fix,high
9062,hardware_drivers,docs,high
9063,cli_repo_misc,docs,high
9069,networking,bug_fix,high
9074,cli_repo_misc,bug_fix,high
9080,cli_repo_misc,docs,high
9081,security_auth,security,high
9082,security_auth,security,high
9083,security_auth,security,high
9084,security_auth,security,high
9085,security_auth,security,high
9086,security_auth,security,high
9087,cli_repo_misc,docs,high
9088,cli_repo_misc,bug_fix,high
9089,security_auth,bug_fix,high
9091,cli_repo_misc,docs,high
9092,cli_repo_misc,docs,high
9093,hyprland_windowing,feature,high
9094,shell_ui,bug_fix,high
9095,cli_repo_misc,docs,high
9100,install_update,bug_fix,high
9102,cli_repo_misc,bug_fix,high
9103,cli_repo_misc,bug_fix,high
9104,apps_packages,bug_fix,high
9105,hardware_drivers,bug_fix,high
9106,power_session,bug_fix,high
9107,hyprland_windowing,bug_fix,high
9108,display_capture,bug_fix,high
9109,security_auth,bug_fix,high
9110,display_capture,bug_fix,high
9113,hyprland_windowing,feature,high
9119,hyprland_windowing,bug_fix,high
9120,shell_ui,bug_fix,high
9121,shell_ui,bug_fix,high
9122,apps_packages,bug_fix,high
9123,apps_packages,bug_fix,high
9124,apps_packages,bug_fix,high
9125,apps_packages,bug_fix,high
9126,terminal_dev_env,feature,high
9127,shell_ui,feature,high
9128,apps_packages,bug_fix,high
9129,hyprland_windowing,bug_fix,high
9130,hyprland_windowing,bug_fix,high
9131,networking,bug_fix,high
9132,audio_media,bug_fix,high
9133,hyprland_windowing,bug_fix,high
9134,hyprland_windowing,bug_fix,high
9135,shell_ui,bug_fix,high
9138,display_capture,bug_fix,medium
9139,install_update,bug_fix,high
9140,shell_ui,feature,high
9148,hardware_drivers,bug_fix,high
9150,security_auth,security,high
9152,power_session,bug_fix,high
9154,shell_ui,feature,high
9155,shell_ui,feature,high
9157,shell_ui,bug_fix,high
9159,shell_ui,feature,high
9160,hardware_drivers,feature,high
9161,apps_packages,feature,high
9162,networking,bug_fix,high
9164,cli_repo_misc,feature,medium
9165,hyprland_windowing,bug_fix,high
9168,terminal_dev_env,bug_fix,high
9169,networking,bug_fix,high
9170,power_session,feature,high
9171,terminal_dev_env,bug_fix,high
9172,apps_packages,bug_fix,high
9174,display_capture,feature,high
9175,terminal_dev_env,bug_fix,high
9177,hyprland_windowing,bug_fix,high
9181,shell_ui,bug_fix,high
9183,shell_ui,performance,high
9185,power_session,other,low
9186,display_capture,bug_fix,high
9189,hardware_drivers,bug_fix,high
9191,shell_ui,bug_fix,high
9192,terminal_dev_env,feature,high
9195,hardware_drivers,feature,high
9201,audio_media,bug_fix,high
9202,hardware_drivers,bug_fix,high
9203,power_session,bug_fix,high
9206,apps_packages,feature,high
9208,agents_ai,feature,high
9209,hyprland_windowing,bug_fix,high
9210,hardware_drivers,performance,high
9211,power_session,bug_fix,high
9212,display_capture,feature,high
9215,hyprland_windowing,feature,high
9216,agents_ai,feature,high
9217,cli_repo_misc,bug_fix,high
9218,hardware_drivers,bug_fix,high
9219,shell_ui,bug_fix,high
9220,theming_appearance,bug_fix,high
9221,audio_media,feature,high
9222,power_session,bug_fix,high
9223,theming_appearance,feature,high
9226,cli_repo_misc,docs,high
9227,security_auth,security,high
9228,install_update,feature,high
9230,networking,feature,high
9233,networking,feature,high
9234,networking,feature,high
9238,hardware_drivers,feature,high
9239,security_auth,bug_fix,high
9242,cli_repo_misc,docs,high
9244,audio_media,bug_fix,high
9245,shell_ui,bug_fix,high
9248,security_auth,feature,high
9254,security_auth,security,high
9255,security_auth,security,high
9257,agents_ai,feature,high
9260,shell_ui,feature,high
9264,install_update,feature,high
9265,apps_packages,feature,high
9270,theming_appearance,bug_fix,high
9273,install_update,feature,high
9275,theming_appearance,bug_fix,high
9276,hardware_drivers,feature,high
9277,networking,feature,high
9278,cli_repo_misc,docs,high
9279,hyprland_windowing,bug_fix,high
9280,theming_appearance,bug_fix,high
9281,shell_ui,feature,high
9282,cli_repo_misc,bug_fix,high
9285,install_update,bug_fix,high
9286,cli_repo_misc,bug_fix,high
9287,theming_appearance,bug_fix,high
9288,security_auth,security,high
9289,cli_repo_misc,other,high
9290,cli_repo_misc,bug_fix,high
9296,display_capture,bug_fix,high
9299,install_update,feature,high
9306,display_capture,feature,high
9307,security_auth,feature,high
9312,theming_appearance,feature,high
9313,theming_appearance,feature,high
9316,security_auth,security,high
9317,security_auth,security,high
9319,apps_packages,bug_fix,high
9320,shell_ui,feature,high
9322,apps_packages,bug_fix,high
9327,cli_repo_misc,performance,high
9328,apps_packages,bug_fix,high
9329,audio_media,feature,high
9332,hardware_drivers,feature,high
9337,apps_packages,feature,high
9340,hardware_drivers,bug_fix,high
9342,networking,bug_fix,high
9343,cli_repo_misc,bug_fix,high
9344,networking,bug_fix,high
9345,shell_ui,bug_fix,high
9346,shell_ui,feature,high
9348,audio_media,feature,high
9350,agents_ai,feature,high
9351,security_auth,security,high
9352,security_auth,security,high
9354,power_session,feature,high
9358,install_update,feature,high
9362,shell_ui,bug_fix,high
9363,theming_appearance,feature,high
9364,networking,bug_fix,high
9365,terminal_dev_env,bug_fix,high
9367,shell_ui,bug_fix,high
9369,shell_ui,bug_fix,high
9370,display_capture,bug_fix,high
9372,cli_repo_misc,bug_fix,high
9381,security_auth,feature,high
9398,security_auth,bug_fix,high
9399,security_auth,feature,high
9400,shell_ui,bug_fix,high
9402,security_auth,bug_fix,high
9406,cli_repo_misc,bug_fix,high
9408,theming_appearance,bug_fix,high
9409,hardware_drivers,feature,high
9411,agents_ai,bug_fix,high
9412,theming_appearance,bug_fix,high
9414,apps_packages,bug_fix,high
9417,display_capture,performance,high
9419,shell_ui,performance,high
9420,apps_packages,security,high
9423,apps_packages,bug_fix,high
9424,cli_repo_misc,docs,high
9425,security_auth,security,high
9426,cli_repo_misc,refactor,high
9428,theming_appearance,bug_fix,high
9429,power_session,bug_fix,high
9430,apps_packages,feature,high
9431,apps_packages,performance,high
9432,networking,performance,high
9435,power_session,performance,high
9436,shell_ui,feature,high
9440,shell_ui,performance,high
9445,hardware_drivers,feature,high
9448,shell_ui,feature,high
9449,terminal_dev_env,bug_fix,high
9451,agents_ai,feature,high
9454,networking,feature,high
9455,shell_ui,bug_fix,high
9456,security_auth,bug_fix,high
9457,security_auth,security,high
9458,security_auth,security,high
9459,security_auth,security,high
9460,security_auth,security,high
9461,security_auth,security,high
9462,security_auth,security,high
9463,security_auth,security,high
9464,security_auth,security,high
9465,security_auth,security,high
9466,security_auth,security,high
9467,security_auth,security,high
9468,security_auth,security,high
9469,security_auth,security,high
9470,security_auth,security,high
9471,security_auth,security,high
9472,security_auth,security,high
9473,security_auth,security,high
9474,security_auth,security,high
9475,security_auth,security,high
9476,security_auth,security,high
9477,security_auth,security,high
9478,apps_packages,feature,high
9479,hyprland_windowing,feature,high
9482,hardware_drivers,performance,high
9483,display_capture,feature,high
9485,shell_ui,bug_fix,high
9486,cli_repo_misc,docs,high
9487,terminal_dev_env,feature,high
9488,shell_ui,bug_fix,high
9490,security_auth,security,medium
9492,hyprland_windowing,bug_fix,high
9493,power_session,feature,high
9495,audio_media,feature,high
9498,agents_ai,feature,high
9500,security_auth,bug_fix,high
9503,security_auth,bug_fix,high
9504,apps_packages,bug_fix,high
9506,security_auth,bug_fix,high
9508,hyprland_windowing,refactor,high
9509,shell_ui,bug_fix,high
9510,hardware_drivers,feature,high
9511,install_update,feature,high
9514,shell_ui,feature,high
9516,hardware_drivers,feature,high
9519,install_update,feature,high
9520,power_session,bug_fix,high
9521,theming_appearance,feature,high
9522,hyprland_windowing,feature,high
9523,shell_ui,bug_fix,high
9524,hardware_drivers,feature,high
9525,agents_ai,feature,high
9527,display_capture,bug_fix,high
9528,networking,bug_fix,high
9531,apps_packages,bug_fix,high
9534,agents_ai,feature,high
9535,apps_packages,feature,high
9539,theming_appearance,feature,high
9542,theming_appearance,feature,high
9545,hardware_drivers,feature,high
9546,agents_ai,feature,high
9548,install_update,feature,high
9550,security_auth,feature,high
9551,security_auth,bug_fix,high
9553,audio_media,bug_fix,high
9554,display_capture,feature,high
9557,cli_repo_misc,feature,high
9562,cli_repo_misc,feature,high
9563,cli_repo_misc,bug_fix,high
9564,apps_packages,bug_fix,high
9565,hyprland_windowing,feature,high
9568,cli_repo_misc,bug_fix,high
9570,power_session,bug_fix,high
9571,cli_repo_misc,bug_fix,high
9573,security_auth,bug_fix,high
9575,power_session,bug_fix,high
9577,security_auth,security,high
9578,audio_media,feature,high
9583,terminal_dev_env,bug_fix,high
9590,power_session,bug_fix,high
9591,cli_repo_misc,docs,high
9594,security_auth,bug_fix,high
9596,terminal_dev_env,feature,high
9597,agents_ai,feature,high
9604,audio_media,bug_fix,high
9606,shell_ui,bug_fix,high
9612,power_session,feature,high
9613,agents_ai,feature,high
9614,hyprland_windowing,bug_fix,high
9617,shell_ui,feature,high
9618,security_auth,security,high
9620,cli_repo_misc,bug_fix,high
9621,apps_packages,feature,high
9626,apps_packages,feature,high
9629,shell_ui,feature,high
9632,power_session,feature,medium
9633,install_update,bug_fix,high
9634,apps_packages,feature,high
9637,power_session,bug_fix,high
9638,audio_media,feature,high
9639,theming_appearance,feature,high
9641,terminal_dev_env,feature,high
9649,display_capture,bug_fix,high
9650,networking,bug_fix,high
9651,apps_packages,bug_fix,high
9652,networking,bug_fix,high
9653,networking,bug_fix,high
9655,power_session,bug_fix,high
9656,terminal_dev_env,bug_fix,high
9657,security_auth,bug_fix,high
9660,shell_ui,feature,high
9662,shell_ui,feature,high
9666,networking,bug_fix,high
9667,apps_packages,bug_fix,high
9673,terminal_dev_env,bug_fix,high
9679,apps_packages,feature,high
9680,terminal_dev_env,feature,high
9682,hardware_drivers,feature,high
9686,install_update,bug_fix,high
9690,theming_appearance,feature,high
9691,theming_appearance,feature,high
9692,hardware_drivers,feature,high
9693,theming_appearance,bug_fix,high
9694,agents_ai,feature,high
9695,theming_appearance,feature,high
9697,cli_repo_misc,bug_fix,high
9700,apps_packages,bug_fix,high
9703,install_update,bug_fix,high
9704,hyprland_windowing,feature,high
9714,display_capture,feature,high
9716,hardware_drivers,bug_fix,high
9717,shell_ui,feature,high
9722,cli_repo_misc,docs,high
9723,terminal_dev_env,feature,high
9725,shell_ui,feature,high
9728,hyprland_windowing,feature,high
9729,hardware_drivers,feature,high
9730,shell_ui,feature,high
9732,hyprland_windowing,feature,high
9733,agents_ai,feature,high
9735,hardware_drivers,bug_fix,high
9739,apps_packages,feature,high
9741,terminal_dev_env,feature,high
9742,hyprland_windowing,bug_fix,high
9747,hyprland_windowing,feature,high
9749,security_auth,bug_fix,high
9750,install_update,feature,high
9752,apps_packages,bug_fix,high
9754,power_session,bug_fix,high
9755,display_capture,bug_fix,high
9757,shell_ui,bug_fix,high
9758,hyprland_windowing,feature,high
9760,shell_ui,bug_fix,high
9761,hyprland_windowing,feature,high
9762,power_session,bug_fix,high
9763,power_session,bug_fix,high
9764,shell_ui,feature,high
9766,agents_ai,feature,high
9768,audio_media,feature,high
9769,shell_ui,bug_fix,high
9777,agents_ai,feature,high
9780,hyprland_windowing,feature,high
9782,security_auth,feature,high
9783,apps_packages,bug_fix,high
9788,theming_appearance,feature,high
9790,shell_ui,bug_fix,high
9791,install_update,feature,high
9794,shell_ui,feature,high
9795,install_update,feature,high
9796,hardware_drivers,bug_fix,high
9797,shell_ui,feature,high
9803,hardware_drivers,bug_fix,high
9806,apps_packages,feature,high
9807,cli_repo_misc,bug_fix,high
9808,audio_media,bug_fix,high
9809,networking,feature,high
9812,hardware_drivers,bug_fix,high
9814,hardware_drivers,bug_fix,high
9815,hardware_drivers,bug_fix,high
9816,hardware_drivers,bug_fix,high
9819,shell_ui,bug_fix,high
9824,hardware_drivers,bug_fix,high
9829,shell_ui,feature,high
9830,hardware_drivers,bug_fix,high
9833,agents_ai,feature,high
9834,cli_repo_misc,bug_fix,high
9835,hardware_drivers,feature,high
9838,power_session,feature,high
9840,agents_ai,feature,high
9844,security_auth,bug_fix,high
9846,power_session,bug_fix,high
9847,shell_ui,bug_fix,high
9848,shell_ui,feature,high
9849,cli_repo_misc,bug_fix,high
9850,hardware_drivers,bug_fix,high
9851,cli_repo_misc,bug_fix,high
9852,cli_repo_misc,bug_fix,high
9854,install_update,bug_fix,high
9855,agents_ai,bug_fix,high
9858,shell_ui,bug_fix,high
9860,power_session,bug_fix,high
9861,theming_appearance,bug_fix,high
9862,cli_repo_misc,bug_fix,high
9864,hyprland_windowing,feature,high
9865,shell_ui,feature,high
9866,install_update,bug_fix,high
9867,cli_repo_misc,docs,high
9868,security_auth,bug_fix,high
9869,agents_ai,feature,high
9870,theming_appearance,bug_fix,high
9871,agents_ai,feature,high
9873,security_auth,bug_fix,high
9875,install_update,bug_fix,high
9876,display_capture,bug_fix,high
9878,install_update,bug_fix,high
9880,hardware_drivers,bug_fix,high
9881,apps_packages,bug_fix,high
9882,apps_packages,bug_fix,high
9883,power_session,bug_fix,high
9885,agents_ai,feature,high
9886,shell_ui,feature,high
9889,hyprland_windowing,bug_fix,high
9891,cli_repo_misc,security,high
9892,shell_ui,feature,high
9893,install_update,feature,high
9894,networking,bug_fix,high
9895,cli_repo_misc,bug_fix,high
9896,cli_repo_misc,other,low
9898,hyprland_windowing,feature,high
9899,hardware_drivers,bug_fix,high
9900,shell_ui,feature,high
9903,shell_ui,feature,high
9906,apps_packages,bug_fix,high
9908,apps_packages,feature,high
9909,apps_packages,feature,high
9910,hardware_drivers,bug_fix,high
9912,apps_packages,bug_fix,high
9915,agents_ai,feature,high
9917,terminal_dev_env,performance,high
9919,security_auth,bug_fix,high
9921,hyprland_windowing,feature,high
9923,networking,bug_fix,high
9924,agents_ai,feature,high
9926,hyprland_windowing,feature,high
9927,shell_ui,bug_fix,high
9928,shell_ui,feature,high
9929,shell_ui,feature,high
9930,shell_ui,feature,high
9933,shell_ui,feature,high
9939,shell_ui,bug_fix,high
9942,shell_ui,feature,high
9944,agents_ai,feature,high
9945,agents_ai,feature,high
9946,terminal_dev_env,feature,high
9956,agents_ai,bug_fix,high
9958,agents_ai,feature,high
9959,audio_media,bug_fix,high
9962,theming_appearance,feature,high
9963,networking,feature,high
9964,theming_appearance,bug_fix,high
9965,networking,feature,high
9966,install_update,bug_fix,high
9967,shell_ui,bug_fix,high
9968,hyprland_windowing,bug_fix,high
9969,theming_appearance,feature,high
9970,shell_ui,bug_fix,high
9971,theming_appearance,bug_fix,high
9972,shell_ui,bug_fix,high
9973,shell_ui,feature,high
9976,hyprland_windowing,bug_fix,high
9977,shell_ui,bug_fix,high
9978,hyprland_windowing,bug_fix,high
9979,apps_packages,bug_fix,high
9981,cli_repo_misc,bug_fix,high
9983,apps_packages,bug_fix,high
9984,shell_ui,bug_fix,high
9985,shell_ui,bug_fix,high
9986,hyprland_windowing,feature,high
9987,shell_ui,bug_fix,high
9988,hyprland_windowing,bug_fix,high
9989,apps_packages,bug_fix,high
9991,terminal_dev_env,bug_fix,high
9992,hyprland_windowing,bug_fix,high
9993,cli_repo_misc,docs,high
9995,apps_packages,feature,high
9996,power_session,feature,high
9997,networking,feature,high
10002,shell_ui,feature,high
10003,networking,bug_fix,high
10006,apps_packages,feature,high
10007,shell_ui,bug_fix,high
10012,shell_ui,feature,high
10015,cli_repo_misc,security,high
10016,theming_appearance,bug_fix,high
10017,cli_repo_misc,docs,high
10018,apps_packages,bug_fix,high
10019,cli_repo_misc,security,high
10020,display_capture,bug_fix,high
10022,install_update,security,high
10024,hyprland_windowing,bug_fix,high
10025,hyprland_windowing,bug_fix,high
10027,shell_ui,feature,high
10031,shell_ui,feature,high
10033,shell_ui,feature,high
10034,apps_packages,bug_fix,high
10040,agents_ai,bug_fix,high
10041,shell_ui,feature,high
10043,cli_repo_misc,feature,high
10046,apps_packages,bug_fix,high
10051,cli_repo_misc,other,medium
10056,apps_packages,bug_fix,high
10058,networking,feature,high
10060,agents_ai,feature,high
10063,power_session,bug_fix,high
10065,hardware_drivers,bug_fix,high
10066,install_update,bug_fix,high
10067,agents_ai,bug_fix,high
10068,agents_ai,feature,high
10070,cli_repo_misc,bug_fix,high
10071,audio_media,bug_fix,high
10072,power_session,bug_fix,high
10074,agents_ai,feature,high
10076,power_session,bug_fix,high
10077,shell_ui,bug_fix,high
10079,agents_ai,feature,high
10080,agents_ai,feature,high
10081,power_session,bug_fix,high
10082,security_auth,security,high
10083,cli_repo_misc,feature,high
10088,terminal_dev_env,feature,high
10092,shell_ui,feature,high
10095,display_capture,feature,high
10099,shell_ui,bug_fix,high
10106,hyprland_windowing,feature,high
10109,install_update,feature,high
10110,apps_packages,packaging,high
10111,networking,bug_fix,high
10113,apps_packages,bug_fix,high
10115,shell_ui,feature,high
10116,networking,feature,high
10123,hyprland_windowing,docs,high
10124,networking,performance,high
10125,hardware_drivers,bug_fix,high
10129,shell_ui,bug_fix,high
10130,power_session,bug_fix,high
10134,theming_appearance,bug_fix,high
10136,theming_appearance,feature,high
10138,shell_ui,bug_fix,high
10139,hardware_drivers,bug_fix,high
10140,hardware_drivers,bug_fix,high
10141,hardware_drivers,feature,high
10144,shell_ui,feature,high
10146,shell_ui,bug_fix,high
10147,apps_packages,packaging,high
10148,audio_media,bug_fix,high
10157,shell_ui,feature,high
10159,hyprland_windowing,bug_fix,high
10160,shell_ui,bug_fix,high
10161,hardware_drivers,bug_fix,high
10162,hyprland_windowing,bug_fix,high
10163,cli_repo_misc,bug_fix,high
10164,shell_ui,bug_fix,high
10165,install_update,bug_fix,high
10166,install_update,bug_fix,high
10167,shell_ui,docs,high
10168,terminal_dev_env,bug_fix,high
10169,hardware_drivers,bug_fix,high
10171,agents_ai,feature,high
10172,agents_ai,feature,high
10175,agents_ai,feature,high
10177,shell_ui,bug_fix,high
10180,shell_ui,feature,high
10181,cli_repo_misc,other,high
10182,hyprland_windowing,bug_fix,high
10183,install_update,feature,high
10184,audio_media,bug_fix,high
10185,audio_media,packaging,high
10189,power_session,bug_fix,high
10190,shell_ui,bug_fix,high
10191,networking,bug_fix,high
10194,display_capture,bug_fix,high
10195,display_capture,feature,high
10196,power_session,bug_fix,high
10198,display_capture,bug_fix,high
10199,hyprland_windowing,feature,high
10200,terminal_dev_env,bug_fix,high
10202,security_auth,security,high
10205,power_session,bug_fix,high
10208,networking,packaging,high
10210,theming_appearance,bug_fix,high
10211,hardware_drivers,bug_fix,high
10212,hyprland_windowing,bug_fix,high
10215,shell_ui,feature,high
10219,security_auth,security,high
10222,power_session,feature,high
10224,hardware_drivers,bug_fix,high
10225,security_auth,security,high
10228,shell_ui,bug_fix,high
10229,shell_ui,feature,high
10230,display_capture,performance,high
10231,terminal_dev_env,bug_fix,high
10232,install_update,bug_fix,high
10233,install_update,bug_fix,high
10234,display_capture,bug_fix,high
10235,security_auth,bug_fix,high
10236,shell_ui,bug_fix,high
10237,cli_repo_misc,docs,high
10238,shell_ui,feature,high
10239,apps_packages,feature,high
10240,agents_ai,feature,high
10241,apps_packages,feature,high
10247,hyprland_windowing,bug_fix,high
10248,shell_ui,feature,high
10249,theming_appearance,feature,high
10253,networking,bug_fix,high
10257,security_auth,security,high
10259,networking,bug_fix,high
10260,shell_ui,bug_fix,high
10261,networking,bug_fix,high
10262,apps_packages,bug_fix,high
10267,hardware_drivers,bug_fix,high
10268,power_session,feature,high
10270,shell_ui,performance,high
10273,cli_repo_misc,other,low
10274,shell_ui,bug_fix,high
10275,agents_ai,feature,high
10277,shell_ui,bug_fix,high
10278,shell_ui,feature,high
10279,power_session,bug_fix,high
10280,cli_repo_misc,docs,high
10281,cli_repo_misc,security,high
10283,security_auth,security,high
10284,security_auth,security,high
10285,theming_appearance,security,high
10286,security_auth,bug_fix,high
10287,display_capture,security,high
10288,networking,feature,high
10291,install_update,bug_fix,high
10293,install_update,feature,high
10294,shell_ui,feature,high
10296,shell_ui,feature,high
10297,power_session,bug_fix,high
10298,agents_ai,feature,high
10301,install_update,bug_fix,high
10306,hardware_drivers,feature,high
10313,hardware_drivers,feature,high
10314,hardware_drivers,feature,high
10320,networking,bug_fix,high
10326,cli_repo_misc,feature,high
10327,terminal_dev_env,bug_fix,high
10328,cli_repo_misc,bug_fix,high
10329,apps_packages,feature,high
10330,agents_ai,feature,high
10331,hardware_drivers,feature,high
10332,hardware_drivers,bug_fix,high
10333,power_session,bug_fix,high
10334,security_auth,security,high
10336,theming_appearance,bug_fix,high
10338,apps_packages,bug_fix,high
10341,theming_appearance,feature,high
10343,power_session,bug_fix,high
10345,install_update,feature,high
10346,apps_packages,feature,high
10347,apps_packages,feature,high
10353,power_session,feature,high
10355,apps_packages,bug_fix,high
10358,cli_repo_misc,feature,high
10361,hyprland_windowing,bug_fix,high
10362,cli_repo_misc,bug_fix,high
10364,hardware_drivers,bug_fix,high
10365,cli_repo_misc,docs,high
10366,hardware_drivers,bug_fix,high
10370,apps_packages,packaging,high
10373,apps_packages,feature,high
10377,power_session,feature,high
10379,security_auth,security,high
10383,shell_ui,bug_fix,high
10384,power_session,bug_fix,high
10386,install_update,feature,high
10387,agents_ai,feature,high
10388,hyprland_windowing,bug_fix,high
10389,shell_ui,bug_fix,high
10390,shell_ui,bug_fix,high
10391,shell_ui,bug_fix,high
10392,power_session,bug_fix,high
10393,security_auth,bug_fix,high
10394,power_session,bug_fix,high
10395,security_auth,bug_fix,high
10396,install_update,bug_fix,high
10397,display_capture,bug_fix,high
10398,install_update,feature,high
10400,agents_ai,feature,high
10402,hyprland_windowing,feature,high
10408,power_session,bug_fix,high
10411,apps_packages,bug_fix,high
10413,cli_repo_misc,security,high
10414,power_session,bug_fix,high
10416,shell_ui,bug_fix,high
10418,apps_packages,feature,high
10424,shell_ui,bug_fix,high
10425,security_auth,security,high
10427,theming_appearance,feature,high
10428,cli_repo_misc,bug_fix,high
10429,shell_ui,bug_fix,high
10430,display_capture,feature,high
10435,terminal_dev_env,feature,high
10442,hardware_drivers,packaging,high
10446,apps_packages,feature,high
10447,hyprland_windowing,feature,high
10451,shell_ui,feature,high
10455,power_session,bug_fix,high
10457,shell_ui,bug_fix,high
10458,hardware_drivers,feature,high
10460,cli_repo_misc,refactor,high
10462,power_session,bug_fix,high
10463,hardware_drivers,bug_fix,high
10467,power_session,performance,high
10468,hyprland_windowing,bug_fix,high
10470,install_update,bug_fix,high
10472,apps_packages,bug_fix,high
10473,networking,bug_fix,high
10480,shell_ui,bug_fix,high
10482,power_session,feature,high
10483,power_session,feature,high
10485,hardware_drivers,bug_fix,high
10489,apps_packages,bug_fix,high
10491,cli_repo_misc,refactor,high
10494,hyprland_windowing,docs,high
10498,hardware_drivers,bug_fix,high
10499,cli_repo_misc,docs,high
10502,power_session,bug_fix,high
10503,security_auth,security,high
10504,security_auth,security,high
10505,security_auth,security,high
10506,security_auth,security,high
10507,security_auth,security,high
10510,networking,bug_fix,high
10511,networking,feature,high
10515,agents_ai,feature,high
10517,theming_appearance,feature,high
10519,hardware_drivers,bug_fix,high
10520,theming_appearance,feature,high
10523,display_capture,bug_fix,high
10524,install_update,bug_fix,high
10529,hyprland_windowing,feature,high
10530,security_auth,bug_fix,high
10531,agents_ai,bug_fix,high
10532,cli_repo_misc,bug_fix,high
10536,shell_ui,bug_fix,high
10538,apps_packages,bug_fix,high
10539,hyprland_windowing,bug_fix,high
10540,shell_ui,bug_fix,high
10541,shell_ui,bug_fix,high
10542,apps_packages,feature,high
10544,shell_ui,feature,high
10547,cli_repo_misc,feature,high
10548,cli_repo_misc,bug_fix,high
10549,display_capture,bug_fix,high
10550,theming_appearance,feature,high
10551,agents_ai,feature,high
10552,terminal_dev_env,feature,high
10553,shell_ui,feature,high
10554,agents_ai,feature,high
10557,cli_repo_misc,refactor,high
10558,networking,feature,high
10560,theming_appearance,feature,high
10562,hyprland_windowing,bug_fix,high
10564,hyprland_windowing,bug_fix,high
10565,hyprland_windowing,bug_fix,high
10567,hyprland_windowing,bug_fix,high
10569,apps_packages,bug_fix,high
10570,display_capture,bug_fix,high
10571,theming_appearance,feature,high
10573,apps_packages,packaging,high
10574,install_update,feature,high
10575,power_session,bug_fix,high
10577,hyprland_windowing,bug_fix,high
10578,shell_ui,bug_fix,high
10580,cli_repo_misc,docs,high
10581,shell_ui,bug_fix,high
10582,install_update,bug_fix,high
10585,display_capture,bug_fix,high
10586,display_capture,bug_fix,high
10587,power_session,bug_fix,high
10588,hardware_drivers,bug_fix,high
10589,hardware_drivers,bug_fix,high
10591,shell_ui,bug_fix,high
10592,hardware_drivers,feature,high
10594,agents_ai,feature,high
10595,apps_packages,bug_fix,high
10599,apps_packages,bug_fix,high
10602,networking,bug_fix,high
10606,cli_repo_misc,bug_fix,medium
10607,cli_repo_misc,bug_fix,high
10610,agents_ai,feature,high
10614,cli_repo_misc,feature,high
10622,display_capture,bug_fix,high
10625,shell_ui,bug_fix,high
10627,apps_packages,feature,high
10628,shell_ui,bug_fix,high
10629,hyprland_windowing,bug_fix,high
10630,shell_ui,bug_fix,high
10631,shell_ui,performance,high
10632,shell_ui,bug_fix,high
10633,agents_ai,bug_fix,high
10634,cli_repo_misc,bug_fix,high
10635,shell_ui,bug_fix,medium
10639,shell_ui,feature,high
10641,shell_ui,feature,high
10643,agents_ai,feature,high
10644,install_update,feature,high
10645,shell_ui,bug_fix,high
10653,power_session,bug_fix,high
10654,apps_packages,feature,high
10655,security_auth,security,high
10656,power_session,bug_fix,high
10657,shell_ui,feature,high
10658,terminal_dev_env,feature,high
10660,shell_ui,bug_fix,high
10663,install_update,bug_fix,high
10664,display_capture,bug_fix,high
10665,apps_packages,feature,high
10667,terminal_dev_env,feature,high
10668,terminal_dev_env,feature,high
10671,shell_ui,bug_fix,high
10675,agents_ai,bug_fix,high
10677,shell_ui,feature,high
10679,power_session,bug_fix,high
10680,shell_ui,bug_fix,high
10683,agents_ai,feature,high
10686,power_session,bug_fix,high
10689,security_auth,feature,high
10692,security_auth,security,high
10693,hyprland_windowing,bug_fix,high
10694,hardware_drivers,feature,high
10697,theming_appearance,bug_fix,high
10704,hyprland_windowing,bug_fix,high
10705,cli_repo_misc,bug_fix,high
10707,install_update,feature,high
10708,cli_repo_misc,docs,high
10709,shell_ui,bug_fix,high
10710,install_update,bug_fix,high
10711,cli_repo_misc,feature,high
10712,hardware_drivers,bug_fix,high
10713,display_capture,bug_fix,high
10714,cli_repo_misc,feature,high
10715,cli_repo_misc,bug_fix,high
10716,install_update,bug_fix,high
10717,security_auth,bug_fix,high
10719,theming_appearance,feature,high
10721,cli_repo_misc,bug_fix,high
10722,networking,feature,high
10724,shell_ui,feature,high
10726,shell_ui,feature,high
10728,agents_ai,feature,high
10730,agents_ai,feature,high
10731,theming_appearance,bug_fix,high
10738,security_auth,security,high
10739,shell_ui,feature,high
10743,terminal_dev_env,bug_fix,high
10749,shell_ui,bug_fix,high
10751,theming_appearance,feature,high
10752,hardware_drivers,bug_fix,high
10757,networking,bug_fix,high
10758,hardware_drivers,bug_fix,high
10763,apps_packages,feature,high
10764,apps_packages,feature,high
10766,security_auth,security,high
10769,security_auth,security,high
10776,shell_ui,feature,high
10777,networking,feature,high
10780,agents_ai,feature,high
10781,networking,bug_fix,high
10783,cli_repo_misc,docs,high
10785,shell_ui,bug_fix,high
10789,shell_ui,bug_fix,high
10790,shell_ui,feature,high
10793,shell_ui,bug_fix,high
10797,install_update,bug_fix,high
10798,hardware_drivers,bug_fix,high
10799,install_update,feature,high
10801,shell_ui,security,high
10802,apps_packages,security,high
10804,terminal_dev_env,security,high
10805,networking,feature,high
10806,hardware_drivers,refactor,high
10807,hardware_drivers,refactor,high
10808,hardware_drivers,refactor,high
10810,hardware_drivers,refactor,high
10811,terminal_dev_env,refactor,high
10812,install_update,feature,high
10816,cli_repo_misc,other,high
10817,apps_packages,feature,high
10821,audio_media,bug_fix,high
10823,terminal_dev_env,feature,high
10824,agents_ai,feature,high
10828,terminal_dev_env,feature,high
10831,apps_packages,feature,high
10832,shell_ui,performance,high
10838,agents_ai,feature,high
10841,terminal_dev_env,bug_fix,high
10844,shell_ui,feature,high
10845,agents_ai,feature,high
10847,cli_repo_misc,bug_fix,high
10849,agents_ai,feature,high
10851,hyprland_windowing,bug_fix,high
10855,shell_ui,bug_fix,high
10864,terminal_dev_env,bug_fix,high
10865,install_update,feature,high
10867,theming_appearance,feature,high
10870,power_session,bug_fix,high
10873,power_session,bug_fix,high
10893,cli_repo_misc,other,high
10900,shell_ui,bug_fix,high
10902,display_capture,feature,high
10903,shell_ui,bug_fix,high
10906,apps_packages,bug_fix,high
10910,hardware_drivers,bug_fix,high
10911,agents_ai,bug_fix,high
10913,agents_ai,feature,high
10915,shell_ui,feature,high
10917,theming_appearance,feature,high
10918,cli_repo_misc,docs,medium
10919,shell_ui,feature,high
10920,display_capture,bug_fix,high
10925,display_capture,bug_fix,high
10926,hardware_drivers,bug_fix,high
10931,shell_ui,refactor,high
10932,shell_ui,bug_fix,high
10934,shell_ui,feature,high
10936,hardware_drivers,feature,high
10938,audio_media,feature,high
10942,cli_repo_misc,docs,high
10944,power_session,bug_fix,high
10949,install_update,feature,high
10951,power_session,refactor,high
10952,install_update,feature,high
10955,shell_ui,bug_fix,high
10958,shell_ui,bug_fix,high
10962,apps_packages,feature,high
10963,power_session,feature,high
10964,power_session,feature,high
10966,power_session,feature,high
10971,display_capture,bug_fix,high
10974,shell_ui,feature,high
10977,cli_repo_misc,feature,high
10980,audio_media,feature,high
10982,display_capture,bug_fix,high
10984,hyprland_windowing,bug_fix,high
10985,audio_media,feature,high
10989,shell_ui,bug_fix,high
10991,theming_appearance,feature,high
10993,power_session,feature,high
10998,display_capture,feature,high
11000,apps_packages,bug_fix,high
11001,audio_media,docs,high
11008,hyprland_windowing,bug_fix,high
11009,shell_ui,feature,high
11010,shell_ui,feature,high
11012,hyprland_windowing,feature,high
11014,shell_ui,bug_fix,high
11015,shell_ui,performance,high
11017,hardware_drivers,bug_fix,high
11018,install_update,feature,high
11021,shell_ui,bug_fix,high
11022,agents_ai,bug_fix,high
11023,install_update,feature,high
11024,apps_packages,bug_fix,high
11025,install_update,bug_fix,high
11026,cli_repo_misc,docs,high
11027,cli_repo_misc,bug_fix,high
11032,terminal_dev_env,feature,high
11033,hardware_drivers,feature,high
11034,shell_ui,bug_fix,high
11035,shell_ui,feature,high
11038,hardware_drivers,bug_fix,high
11042,shell_ui,bug_fix,high
11044,apps_packages,feature,high
11045,cli_repo_misc,docs,high
11047,security_auth,feature,high
11048,cli_repo_misc,docs,high
11050,agents_ai,feature,high
11053,audio_media,feature,high
11054,networking,bug_fix,high
11055,shell_ui,bug_fix,high
11056,install_update,bug_fix,high
11057,shell_ui,feature,high
11060,shell_ui,bug_fix,high
11064,hardware_drivers,feature,high
11067,agents_ai,feature,high
11069,shell_ui,feature,high
11070,apps_packages,feature,high
11072,power_session,feature,low
11075,shell_ui,bug_fix,high
11076,display_capture,bug_fix,high
11079,shell_ui,bug_fix,high
11080,shell_ui,bug_fix,high
11082,shell_ui,feature,high
11083,power_session,feature,high
11087,cli_repo_misc,docs,high
11091,power_session,feature,high
11092,display_capture,bug_fix,high
11095,cli_repo_misc,bug_fix,high
11096,shell_ui,bug_fix,high
11097,power_session,bug_fix,high
11098,cli_repo_misc,feature,high
11103,shell_ui,feature,high
11104,install_update,bug_fix,high
11106,cli_repo_misc,docs,high
11109,agents_ai,bug_fix,high
11111,install_update,bug_fix,high
11112,display_capture,bug_fix,high
11114,shell_ui,feature,high
11116,shell_ui,feature,high
11117,shell_ui,bug_fix,high
11118,shell_ui,bug_fix,high
11120,cli_repo_misc,feature,high
11121,agents_ai,feature,high
11124,agents_ai,feature,high
11125,install_update,bug_fix,high
11129,agents_ai,feature,high
11131,theming_appearance,feature,high
11134,shell_ui,bug_fix,medium
11136,power_session,bug_fix,high
11137,shell_ui,bug_fix,high
11142,shell_ui,bug_fix,high
11144,agents_ai,feature,high
11146,shell_ui,bug_fix,high
11149,hyprland_windowing,bug_fix,high
11150,cli_repo_misc,feature,high
11151,power_session,bug_fix,high
11154,networking,feature,high
11155,shell_ui,bug_fix,high
11156,shell_ui,bug_fix,high
11157,hyprland_windowing,bug_fix,high
11160,shell_ui,feature,high
11161,power_session,bug_fix,high
11162,shell_ui,feature,medium
11164,apps_packages,bug_fix,high
11167,agents_ai,feature,high
11169,hyprland_windowing,bug_fix,high
11172,security_auth,feature,high
11174,shell_ui,feature,high
11177,shell_ui,feature,high
11178,shell_ui,feature,high
11179,theming_appearance,docs,high
11181,hyprland_windowing,feature,high
11188,agents_ai,feature,high
11191,shell_ui,feature,high
11193,shell_ui,bug_fix,high
11194,power_session,bug_fix,high
11195,display_capture,bug_fix,high
11196,shell_ui,feature,high
11197,networking,bug_fix,high
11198,networking,bug_fix,high
11199,shell_ui,bug_fix,high
11205,terminal_dev_env,bug_fix,high
11206,terminal_dev_env,feature,high
11207,install_update,bug_fix,high
11209,shell_ui,feature,high
11210,terminal_dev_env,feature,medium
11216,apps_packages,feature,high
11217,cli_repo_misc,bug_fix,high
11222,install_update,bug_fix,high
11223,theming_appearance,bug_fix,high
11227,apps_packages,feature,high
11228,hardware_drivers,docs,high
11235,networking,bug_fix,high
11237,hardware_drivers,bug_fix,high
11238,shell_ui,bug_fix,high
11239,shell_ui,bug_fix,high
11240,shell_ui,feature,high
11241,shell_ui,bug_fix,high
11242,cli_repo_misc,bug_fix,high
11244,shell_ui,bug_fix,high
11246,cli_repo_misc,feature,high
11250,apps_packages,feature,high
11252,networking,bug_fix,high
11259,hardware_drivers,performance,high
11260,networking,bug_fix,high
11267,agents_ai,bug_fix,high
11269,hyprland_windowing,bug_fix,high
11272,power_session,bug_fix,high
11273,security_auth,bug_fix,high
11277,hyprland_windowing,bug_fix,high
11284,terminal_dev_env,bug_fix,high
11285,shell_ui,bug_fix,high
11286,networking,feature,high
11287,cli_repo_misc,docs,high
11288,shell_ui,bug_fix,high
11289,install_update,feature,high
11290,terminal_dev_env,docs,high
11291,power_session,feature,high
11293,power_session,bug_fix,high
11294,apps_packages,bug_fix,high
11295,shell_ui,feature,high
11296,hyprland_windowing,docs,high
11299,shell_ui,bug_fix,high
11300,shell_ui,bug_fix,high
11302,networking,bug_fix,high
11304,shell_ui,feature,high
11309,shell_ui,bug_fix,high
11311,hardware_drivers,feature,high
11312,display_capture,feature,high
11314,security_auth,feature,high
11315,hardware_drivers,bug_fix,high
11319,agents_ai,feature,high
11322,security_auth,bug_fix,high
11325,hardware_drivers,refactor,high
11328,hardware_drivers,bug_fix,high
11338,shell_ui,bug_fix,high
11341,shell_ui,feature,high
11344,terminal_dev_env,bug_fix,high
11345,hardware_drivers,bug_fix,high
11346,theming_appearance,feature,high
11352,apps_packages,bug_fix,high
11353,power_session,bug_fix,high
11355,hardware_drivers,bug_fix,high
11357,theming_appearance,feature,high
11360,cli_repo_misc,bug_fix,high
11362,theming_appearance,feature,high
11364,apps_packages,bug_fix,high
11366,agents_ai,feature,high
11367,agents_ai,feature,high
11371,terminal_dev_env,bug_fix,high
11372,agents_ai,feature,high
11378,apps_packages,feature,high
11379,security_auth,feature,high
11381,hardware_drivers,feature,high
11385,cli_repo_misc,bug_fix,high
11386,terminal_dev_env,feature,high
11387,hardware_drivers,bug_fix,high
11388,install_update,bug_fix,high
11390,shell_ui,feature,high
11393,apps_packages,bug_fix,high
11394,shell_ui,performance,high
11398,cli_repo_misc,feature,high
11401,terminal_dev_env,feature,high
11402,theming_appearance,feature,high
11403,shell_ui,bug_fix,high
11404,power_session,bug_fix,high
11406,cli_repo_misc,other,low
11407,shell_ui,feature,high
11408,shell_ui,feature,high
11414,hyprland_windowing,bug_fix,high
11415,power_session,bug_fix,high
11418,install_update,bug_fix,high
11420,networking,feature,high
11421,shell_ui,bug_fix,high
11423,agents_ai,feature,high
11427,hardware_drivers,bug_fix,high
11428,networking,feature,high
11431,hardware_drivers,bug_fix,high
11432,power_session,bug_fix,high
11434,hardware_drivers,bug_fix,high
11435,terminal_dev_env,bug_fix,high
11436,shell_ui,feature,high
11438,security_auth,feature,high
11441,display_capture,bug_fix,high
11444,agents_ai,feature,high
11445,cli_repo_misc,bug_fix,high
11446,terminal_dev_env,bug_fix,high
11447,terminal_dev_env,bug_fix,high
11451,theming_appearance,feature,high
11454,hyprland_windowing,feature,high
11455,apps_packages,performance,high
11461,terminal_dev_env,bug_fix,high
11464,hardware_drivers,docs,high
11466,cli_repo_misc,docs,high
11468,install_update,feature,high
11470,cli_repo_misc,feature,high
11471,apps_packages,feature,high
11473,theming_appearance,feature,high
11475,display_capture,bug_fix,high
11476,networking,bug_fix,high
11477,power_session,bug_fix,high
11478,install_update,bug_fix,high
11479,install_update,bug_fix,high
11480,install_update,bug_fix,high
11481,audio_media,bug_fix,high
11482,cli_repo_misc,bug_fix,high
11483,cli_repo_misc,bug_fix,high
11484,terminal_dev_env,bug_fix,high
11487,terminal_dev_env,feature,high
11488,agents_ai,feature,high
11489,cli_repo_misc,docs,high
11491,shell_ui,bug_fix,high
11492,shell_ui,bug_fix,high
11493,apps_packages,feature,high
11495,security_auth,security,high
11496,shell_ui,bug_fix,high
11501,install_update,other,high
11502,shell_ui,other,high
11503,hyprland_windowing,feature,high
11507,terminal_dev_env,bug_fix,high
11510,security_auth,security,high
11511,security_auth,security,high
11512,security_auth,security,high
11513,security_auth,security,high
11514,terminal_dev_env,bug_fix,high
11515,security_auth,security,high
11516,hardware_drivers,bug_fix,high
11517,display_capture,bug_fix,high
11518,display_capture,bug_fix,high
11519,shell_ui,bug_fix,high
11520,display_capture,bug_fix,high
11521,shell_ui,bug_fix,high
11522,display_capture,bug_fix,high
11523,install_update,feature,high
11525,power_session,feature,high
11528,install_update,bug_fix,high
11530,install_update,docs,high
11534,theming_appearance,feature,high
11536,hardware_drivers,bug_fix,high
11537,networking,feature,high
11538,install_update,feature,high
11539,agents_ai,feature,high
11543,hyprland_windowing,feature,high
11545,hyprland_windowing,feature,high
11546,agents_ai,feature,high
11547,theming_appearance,feature,high
11548,hardware_drivers,bug_fix,high
11549,hardware_drivers,feature,high
11550,hardware_drivers,bug_fix,high
11552,hardware_drivers,feature,high
11553,display_capture,feature,high
11554,power_session,feature,high
11555,cli_repo_misc,other,high
11557,agents_ai,feature,high
11561,networking,bug_fix,high
11564,display_capture,bug_fix,high
11565,networking,bug_fix,high
11566,display_capture,bug_fix,high
11567,networking,bug_fix,high
11568,shell_ui,bug_fix,high
11569,cli_repo_misc,bug_fix,high
11570,hardware_drivers,bug_fix,high
11571,apps_packages,feature,high
11574,shell_ui,feature,high
11577,shell_ui,bug_fix,high
11578,shell_ui,bug_fix,high
11579,cli_repo_misc,other,high
11580,shell_ui,feature,high
11581,shell_ui,feature,high
11588,hyprland_windowing,bug_fix,high
11592,hardware_drivers,bug_fix,high
11598,security_auth,security,high
11599,security_auth,feature,high
11600,install_update,security,high
11601,display_capture,security,high
11602,display_capture,security,high
11604,install_update,bug_fix,high
11605,install_update,bug_fix,high
11606,shell_ui,bug_fix,high
11608,shell_ui,bug_fix,high
11610,shell_ui,performance,high
11612,security_auth,feature,high
11615,shell_ui,feature,high
11616,hardware_drivers,bug_fix,high
11620,hardware_drivers,bug_fix,high
11621,agents_ai,feature,high
11622,power_session,bug_fix,high
11623,hardware_drivers,bug_fix,high
11624,hardware_drivers,bug_fix,high
11625,hardware_drivers,bug_fix,high
11626,theming_appearance,feature,high
11631,apps_packages,feature,high
11635,shell_ui,bug_fix,high
11639,shell_ui,bug_fix,high
11642,apps_packages,bug_fix,high
11643,shell_ui,bug_fix,high
11645,apps_packages,bug_fix,high
11652,hardware_drivers,bug_fix,high
11654,display_capture,bug_fix,high
11655,hardware_drivers,feature,high
11659,shell_ui,feature,high
11661,shell_ui,bug_fix,high
11663,shell_ui,feature,high
11667,shell_ui,feature,high
11669,power_session,bug_fix,high
11670,terminal_dev_env,bug_fix,high
11671,hyprland_windowing,bug_fix,high
11672,apps_packages,bug_fix,high
11673,shell_ui,bug_fix,high
11674,power_session,bug_fix,high
11675,hardware_drivers,bug_fix,high
11676,shell_ui,bug_fix,high
11677,shell_ui,docs,high
11678,theming_appearance,docs,high
11679,theming_appearance,bug_fix,high
11681,shell_ui,feature,high
11684,apps_packages,feature,high
11685,hyprland_windowing,feature,high
11686,power_session,feature,high
11690,hardware_drivers,bug_fix,high
11691,shell_ui,bug_fix,high
11692,install_update,feature,high
11694,cli_repo_misc,bug_fix,medium
11695,power_session,bug_fix,high
11696,power_session,bug_fix,high
11697,security_auth,bug_fix,high
11698,cli_repo_misc,docs,high
11701,shell_ui,feature,high
11705,shell_ui,bug_fix,high
11706,networking,feature,high
11708,audio_media,docs,high
11710,apps_packages,feature,high
11711,shell_ui,bug_fix,high
11714,apps_packages,bug_fix,high
11715,shell_ui,bug_fix,high
11716,security_auth,security,high
11717,apps_packages,security,high
11719,terminal_dev_env,feature,high
11720,networking,feature,high
11722,agents_ai,feature,high
11724,shell_ui,bug_fix,high
11725,apps_packages,feature,high
11728,apps_packages,bug_fix,high
11730,shell_ui,bug_fix,high
11731,hardware_drivers,feature,high
11732,shell_ui,feature,high
11733,hyprland_windowing,bug_fix,high
11734,apps_packages,bug_fix,high
11736,hardware_drivers,bug_fix,high
11737,agents_ai,feature,high
11742,cli_repo_misc,security,high
11743,display_capture,feature,high
11746,shell_ui,bug_fix,high
11747,cli_repo_misc,feature,high
11748,hardware_drivers,feature,high
11750,power_session,bug_fix,high
11751,shell_ui,bug_fix,high
11756,shell_ui,bug_fix,high
11758,apps_packages,feature,high
11759,security_auth,security,high
11760,apps_packages,security,high
11763,security_auth,bug_fix,high
11764,apps_packages,security,high
11765,apps_packages,feature,high
11768,cli_repo_misc,bug_fix,high
11770,install_update,security,high
11771,security_auth,bug_fix,high
11772,cli_repo_misc,docs,high
11773,cli_repo_misc,docs,high
11774,cli_repo_misc,docs,high
11775,cli_repo_misc,docs,high
11776,shell_ui,bug_fix,high
11777,audio_media,bug_fix,high
11779,shell_ui,bug_fix,high
11782,shell_ui,feature,high
11785,audio_media,bug_fix,high
11786,install_update,bug_fix,high
11787,security_auth,security,high
11792,power_session,feature,high
11795,security_auth,bug_fix,high
11799,shell_ui,bug_fix,high
11800,shell_ui,bug_fix,high
11802,shell_ui,bug_fix,high
11803,cli_repo_misc,docs,high
11804,cli_repo_misc,docs,high
11805,install_update,bug_fix,high
11807,shell_ui,bug_fix,high
11810,shell_ui,bug_fix,high
11811,shell_ui,bug_fix,high
11826,cli_repo_misc,refactor,high
11827,shell_ui,bug_fix,high
11831,hardware_drivers,feature,high
11833,apps_packages,bug_fix,high
11835,hardware_drivers,bug_fix,high
11836,hardware_drivers,bug_fix,high
11837,audio_media,bug_fix,high
11838,shell_ui,bug_fix,high
11839,agents_ai,feature,high
11840,security_auth,feature,high
11842,security_auth,feature,high
11843,hardware_drivers,bug_fix,high
11844,security_auth,bug_fix,high
11846,security_auth,feature,high
11847,cli_repo_misc,bug_fix,high
11848,apps_packages,feature,high
11849,shell_ui,bug_fix,high
11851,hyprland_windowing,bug_fix,high
11853,cli_repo_misc,docs,high
11854,display_capture,feature,high
11855,display_capture,feature,high
11856,power_session,feature,high
11858,shell_ui,bug_fix,high
11860,display_capture,feature,high
11863,hyprland_windowing,bug_fix,high
11866,apps_packages,feature,high
11867,shell_ui,bug_fix,high
11870,hardware_drivers,feature,high
11871,hyprland_windowing,bug_fix,high
11872,shell_ui,feature,high
11874,security_auth,security,high
11875,security_auth,security,high
11876,shell_ui,bug_fix,high
11877,shell_ui,feature,high
11880,hardware_drivers,feature,high
11882,shell_ui,bug_fix,high
11883,agents_ai,feature,high
11884,security_auth,feature,high
11887,shell_ui,feature,high
11888,shell_ui,bug_fix,high
11890,shell_ui,bug_fix,high
11891,apps_packages,bug_fix,high
11892,agents_ai,feature,high
11893,display_capture,bug_fix,high
11894,shell_ui,bug_fix,high
11895,networking,feature,high
11896,agents_ai,feature,high
11902,networking,bug_fix,high
11904,power_session,feature,high
11906,theming_appearance,feature,high
11907,apps_packages,bug_fix,high
11910,hardware_drivers,feature,high
11911,hardware_drivers,bug_fix,high
11912,hardware_drivers,bug_fix,high
11917,hardware_drivers,feature,high
11918,security_auth,bug_fix,high
11920,shell_ui,performance,high
11922,networking,feature,high
11925,shell_ui,bug_fix,high
11930,agents_ai,feature,high
11931,apps_packages,bug_fix,high
11933,apps_packages,bug_fix,high
11935,hyprland_windowing,feature,high
11937,networking,bug_fix,high
11944,terminal_dev_env,feature,high
11945,cli_repo_misc,bug_fix,medium
11946,shell_ui,bug_fix,high
11948,power_session,performance,high
11950,display_capture,bug_fix,high
11951,shell_ui,feature,high
11952,security_auth,feature,high
11953,install_update,bug_fix,high
11955,apps_packages,feature,high
11959,power_session,feature,high
11960,security_auth,feature,high
11962,shell_ui,bug_fix,high
11963,shell_ui,feature,high
11965,terminal_dev_env,bug_fix,high
11966,networking,bug_fix,high
11967,agents_ai,feature,high
11968,install_update,feature,high
11969,agents_ai,bug_fix,high
11970,shell_ui,bug_fix,high
11973,terminal_dev_env,bug_fix,high
11975,apps_packages,feature,high
11976,shell_ui,feature,high
11978,networking,feature,high
11981,hyprland_windowing,bug_fix,high
11983,security_auth,feature,high
11984,security_auth,feature,high
11989,agents_ai,feature,high
11991,shell_ui,bug_fix,high
11994,apps_packages,bug_fix,high
11996,agents_ai,feature,high
11998,shell_ui,bug_fix,high
12001,apps_packages,bug_fix,high
12002,hardware_drivers,feature,high
12003,hardware_drivers,feature,high
12004,apps_packages,bug_fix,high
12006,cli_repo_misc,docs,high
12007,hardware_drivers,bug_fix,high
12015,audio_media,bug_fix,high
12016,shell_ui,bug_fix,high
12018,shell_ui,feature,high
12019,apps_packages,bug_fix,high
12020,shell_ui,bug_fix,high
12021,display_capture,bug_fix,high
12022,shell_ui,bug_fix,high
12023,networking,bug_fix,high
12024,power_session,bug_fix,high
12025,shell_ui,bug_fix,high
12032,agents_ai,bug_fix,high
12034,agents_ai,feature,high
12036,audio_media,bug_fix,high
12037,cli_repo_misc,feature,high
12039,cli_repo_misc,docs,high
12040,install_update,feature,high
12042,hyprland_windowing,bug_fix,high
12046,apps_packages,bug_fix,high
12048,agents_ai,feature,high
12055,hardware_drivers,feature,high
12056,install_update,bug_fix,high
12058,power_session,bug_fix,high
12059,agents_ai,feature,high
12063,terminal_dev_env,bug_fix,high
12064,shell_ui,bug_fix,high
12065,security_auth,security,high
12066,security_auth,security,high
12067,hardware_drivers,feature,high
12070,networking,bug_fix,high
12071,networking,feature,high
12072,display_capture,bug_fix,high
12074,hardware_drivers,bug_fix,high
12075,security_auth,bug_fix,high
12076,hardware_drivers,performance,high
12077,security_auth,security,high
12078,install_update,feature,high
12081,cli_repo_misc,feature,high
12088,apps_packages,bug_fix,high
12089,apps_packages,bug_fix,high
12090,hardware_drivers,bug_fix,high
12091,theming_appearance,bug_fix,high
12093,shell_ui,bug_fix,high
12098,shell_ui,feature,high
12099,security_auth,other,low
12100,hardware_drivers,bug_fix,high
12101,networking,bug_fix,medium
12102,power_session,bug_fix,high
12103,security_auth,security,high
12104,cli_repo_misc,security,high
12105,agents_ai,feature,high
12106,hardware_drivers,bug_fix,high
12107,apps_packages,bug_fix,high
12109,security_auth,security,high
12110,security_auth,bug_fix,high
12111,security_auth,security,high
12114,shell_ui,feature,high
12115,shell_ui,feature,high
12118,hyprland_windowing,feature,high
12125,power_session,feature,high
12126,shell_ui,bug_fix,high
12130,theming_appearance,feature,high
12132,apps_packages,feature,high
12133,display_capture,feature,high
12135,audio_media,feature,high
12137,theming_appearance,feature,high
12138,shell_ui,bug_fix,high
12139,apps_packages,feature,high
12141,terminal_dev_env,feature,high
12142,theming_appearance,feature,high
12148,apps_packages,bug_fix,high
12150,shell_ui,bug_fix,high
12154,install_update,bug_fix,high
12155,shell_ui,bug_fix,high
12159,security_auth,security,high
12160,security_auth,security,high
12161,security_auth,security,high
12162,security_auth,security,high
12163,theming_appearance,bug_fix,high
12164,security_auth,security,high
12165,security_auth,security,high
12166,apps_packages,feature,high
12167,security_auth,feature,high
12168,apps_packages,feature,high
12169,security_auth,security,high
12170,security_auth,security,high
12171,terminal_dev_env,bug_fix,high
12172,apps_packages,feature,high
12174,install_update,bug_fix,high
12175,audio_media,bug_fix,high
12176,power_session,bug_fix,high
12177,power_session,feature,high
12183,shell_ui,bug_fix,high
12184,shell_ui,bug_fix,high
12185,networking,bug_fix,high
12186,install_update,bug_fix,high
12189,shell_ui,refactor,high
12196,networking,bug_fix,high
12199,theming_appearance,feature,high
12200,cli_repo_misc,docs,high
12201,security_auth,bug_fix,high
12203,hardware_drivers,bug_fix,high
12210,power_session,bug_fix,high
12211,hardware_drivers,bug_fix,high
12212,hardware_drivers,feature,high
12213,shell_ui,bug_fix,high
12216,audio_media,bug_fix,high
12219,shell_ui,bug_fix,high
12220,shell_ui,bug_fix,high
12223,shell_ui,refactor,high
12224,terminal_dev_env,bug_fix,high
12231,audio_media,refactor,high
12232,shell_ui,feature,high
12234,terminal_dev_env,bug_fix,high
12241,shell_ui,bug_fix,high
12242,install_update,bug_fix,high
12243,hardware_drivers,feature,high
12244,apps_packages,security,high
12245,power_session,bug_fix,high
12246,install_update,feature,high
12247,theming_appearance,feature,high
12248,display_capture,performance,high
12249,install_update,feature,high
12250,install_update,bug_fix,high
12251,agents_ai,feature,high
12252,display_capture,bug_fix,high
12253,display_capture,bug_fix,high
12254,power_session,refactor,high
12255,shell_ui,bug_fix,high
12256,networking,bug_fix,high
12257,shell_ui,bug_fix,high
12258,power_session,bug_fix,high
12259,power_session,bug_fix,high
12260,shell_ui,feature,high
12261,security_auth,bug_fix,high
12263,display_capture,feature,high
12264,apps_packages,security,high
12265,agents_ai,security,high
12266,apps_packages,feature,high
12267,display_capture,feature,high
12268,terminal_dev_env,feature,high
12269,hyprland_windowing,feature,high
12271,apps_packages,security,high
12277,shell_ui,bug_fix,high
12278,agents_ai,feature,high
12279,networking,bug_fix,high
12283,terminal_dev_env,bug_fix,high
12284,cli_repo_misc,docs,high
12286,audio_media,bug_fix,high
12287,theming_appearance,feature,high
12291,security_auth,feature,high
12299,audio_media,bug_fix,high
12300,audio_media,bug_fix,high
12306,shell_ui,feature,high
12307,hardware_drivers,bug_fix,high
12311,agents_ai,feature,high
12312,shell_ui,feature,high
12314,hardware_drivers,bug_fix,high
12320,cli_repo_misc,bug_fix,high
12323,apps_packages,security,high
12328,install_update,bug_fix,high
12329,agents_ai,feature,high
12335,shell_ui,bug_fix,high
12336,agents_ai,performance,high
12337,display_capture,feature,high
12338,shell_ui,feature,high
12344,cli_repo_misc,docs,high
12350,hyprland_windowing,bug_fix,high
12352,agents_ai,feature,high
12353,agents_ai,feature,high
12357,hyprland_windowing,bug_fix,high
12358,apps_packages,bug_fix,high
12359,install_update,feature,high
12360,hardware_drivers,bug_fix,high
12361,shell_ui,refactor,high
12362,shell_ui,bug_fix,high
12363,shell_ui,feature,high
12364,audio_media,performance,high
12367,hardware_drivers,feature,high
12368,apps_packages,bug_fix,high
12377,hyprland_windowing,bug_fix,high
12378,hyprland_windowing,bug_fix,high
12384,apps_packages,bug_fix,high
12385,theming_appearance,bug_fix,high
12386,display_capture,bug_fix,high
12387,hardware_drivers,feature,high
12388,shell_ui,bug_fix,high
12389,hyprland_windowing,feature,high
12390,cli_repo_misc,docs,high
12394,hardware_drivers,feature,high
12407,shell_ui,feature,high
12412,terminal_dev_env,feature,high
12413,shell_ui,feature,high
12414,agents_ai,refactor,high
12415,install_update,feature,high
12416,shell_ui,feature,high
12417,install_update,refactor,high
12419,install_update,security,high
12420,security_auth,bug_fix,high
12421,apps_packages,feature,high
12422,power_session,feature,high
12423,display_capture,feature,high
12424,display_capture,bug_fix,high
12425,agents_ai,feature,high
12426,security_auth,other,low
12427,power_session,feature,high
12428,audio_media,feature,high
12431,shell_ui,bug_fix,high
12432,apps_packages,bug_fix,high
12435,security_auth,bug_fix,high
12437,apps_packages,feature,high
12439,display_capture,feature,high
12445,power_session,bug_fix,high
12446,shell_ui,feature,high
12451,shell_ui,feature,high
12452,shell_ui,refactor,high
12456,terminal_dev_env,bug_fix,high
12457,terminal_dev_env,bug_fix,high
12459,theming_appearance,feature,high
12461,security_auth,bug_fix,high
12465,power_session,feature,high
12471,display_capture,bug_fix,high
12472,apps_packages,bug_fix,high
12475,networking,bug_fix,high
12477,shell_ui,feature,high
12479,audio_media,bug_fix,high
12483,agents_ai,feature,high
12484,power_session,bug_fix,high
12485,terminal_dev_env,feature,low
12486,terminal_dev_env,feature,low
12487,agents_ai,bug_fix,high
12488,theming_appearance,feature,high
12489,audio_media,feature,high
12491,audio_media,bug_fix,high
12501,display_capture,bug_fix,high
12502,power_session,bug_fix,high
12503,networking,bug_fix,high
12504,hardware_drivers,bug_fix,high
12505,apps_packages,bug_fix,high
12507,theming_appearance,feature,high
12510,hardware_drivers,feature,high
12512,display_capture,bug_fix,high
12517,hyprland_windowing,bug_fix,high
12521,install_update,feature,high
12522,apps_packages,feature,high
12524,cli_repo_misc,docs,high
12527,agents_ai,feature,high
12532,install_update,bug_fix,high
12533,apps_packages,bug_fix,high
12535,cli_repo_misc,bug_fix,high
12536,install_update,feature,high
12538,power_session,bug_fix,high
12540,shell_ui,bug_fix,high
12541,display_capture,feature,high
12542,security_auth,bug_fix,high
12543,cli_repo_misc,docs,high
12544,security_auth,bug_fix,high
12545,install_update,bug_fix,high
12547,agents_ai,feature,high
12548,install_update,bug_fix,high
12552,power_session,refactor,high
12553,hardware_drivers,feature,high
12557,hyprland_windowing,refactor,high
12558,power_session,feature,high
12559,display_capture,bug_fix,high
12562,cli_repo_misc,other,low
12566,hyprland_windowing,feature,high
12567,shell_ui,feature,high
12568,networking,bug_fix,high
12569,apps_packages,bug_fix,high
12571,display_capture,feature,high
12572,networking,bug_fix,high
12574,shell_ui,bug_fix,high
12575,cli_repo_misc,refactor,high
12577,cli_repo_misc,docs,high
12578,terminal_dev_env,feature,high
12579,power_session,feature,high
12581,theming_appearance,feature,high
12582,agents_ai,feature,high
12583,networking,feature,high
12585,shell_ui,bug_fix,high
12590,hardware_drivers,bug_fix,high
12591,apps_packages,bug_fix,high
12592,shell_ui,bug_fix,high
12595,agents_ai,performance,high
12600,terminal_dev_env,bug_fix,high
12603,power_session,bug_fix,high
12605,agents_ai,feature,high
12613,hyprland_windowing,feature,high
12614,power_session,bug_fix,high
12616,display_capture,bug_fix,high
12633,install_update,feature,high
12634,display_capture,performance,high
12635,agents_ai,feature,high
12636,hardware_drivers,feature,high
12643,shell_ui,bug_fix,high
12644,shell_ui,bug_fix,high
12645,theming_appearance,feature,high
12646,shell_ui,bug_fix,high
12649,power_session,bug_fix,high
12651,agents_ai,feature,high
12652,power_session,bug_fix,high
12653,cli_repo_misc,feature,high
12654,power_session,feature,high
12656,shell_ui,feature,high
12658,audio_media,bug_fix,high
12659,shell_ui,feature,high
12660,hyprland_windowing,feature,high
12666,shell_ui,bug_fix,high
12667,security_auth,bug_fix,high
12668,cli_repo_misc,bug_fix,high
12669,cli_repo_misc,bug_fix,high
12670,theming_appearance,bug_fix,high
12671,power_session,bug_fix,high
12672,hyprland_windowing,feature,high
12675,power_session,bug_fix,high
12676,hyprland_windowing,bug_fix,high
12679,hardware_drivers,refactor,medium
12680,hardware_drivers,refactor,medium
12681,hardware_drivers,refactor,medium
12682,hardware_drivers,refactor,medium
12683,hardware_drivers,refactor,medium
12684,hardware_drivers,refactor,medium
12685,hardware_drivers,refactor,medium
12686,hardware_drivers,feature,medium
12687,hardware_drivers,refactor,medium
12688,hardware_drivers,refactor,medium
12689,audio_media,refactor,medium
12690,security_auth,refactor,medium
12691,hardware_drivers,refactor,medium
12692,power_session,feature,medium
12693,hardware_drivers,bug_fix,high
12694,theming_appearance,feature,high
12695,cli_repo_misc,performance,high
12696,power_session,bug_fix,high
12697,display_capture,bug_fix,high
12698,shell_ui,feature,high
12701,apps_packages,feature,high
12712,hyprland_windowing,bug_fix,high
12713,security_auth,feature,high
12715,security_auth,feature,high
12716,security_auth,feature,high
12717,hardware_drivers,bug_fix,high
12718,cli_repo_misc,feature,high
12719,cli_repo_misc,feature,high
12722,install_update,bug_fix,high
12723,hardware_drivers,feature,high
12728,security_auth,bug_fix,high
12729,power_session,bug_fix,high
12730,shell_ui,feature,high
12731,power_session,bug_fix,high
12733,install_update,bug_fix,high
12741,shell_ui,feature,high
12743,theming_appearance,feature,high
12750,cli_repo_misc,bug_fix,high
12752,hyprland_windowing,feature,high
12753,networking,bug_fix,high
12754,apps_packages,feature,high
12755,power_session,bug_fix,high
12756,hyprland_windowing,bug_fix,high
12759,shell_ui,bug_fix,high
12763,shell_ui,bug_fix,high
12764,display_capture,bug_fix,high
12766,networking,feature,high
12768,power_session,bug_fix,high
12769,display_capture,bug_fix,high
12774,cli_repo_misc,bug_fix,high
12775,hyprland_windowing,feature,high
12776,shell_ui,bug_fix,high
12778,install_update,performance,high
12780,apps_packages,bug_fix,high
12781,apps_packages,feature,high
12783,theming_appearance,feature,high
12784,security_auth,bug_fix,high
12785,audio_media,bug_fix,high
12786,apps_packages,bug_fix,high
12788,audio_media,feature,high
12789,power_session,bug_fix,medium
12794,cli_repo_misc,docs,high
12795,terminal_dev_env,bug_fix,high
12796,cli_repo_misc,bug_fix,high
12797,cli_repo_misc,bug_fix,high
12798,cli_repo_misc,bug_fix,high
12800,cli_repo_misc,bug_fix,high
12801,cli_repo_misc,bug_fix,high
12803,agents_ai,performance,high
12804,install_update,bug_fix,high
12806,terminal_dev_env,bug_fix,high
12807,terminal_dev_env,bug_fix,high
12808,terminal_dev_env,feature,high
12809,shell_ui,bug_fix,high
12814,shell_ui,bug_fix,high
12815,security_auth,feature,high
12817,security_auth,feature,high
12818,cli_repo_misc,bug_fix,high
12819,theming_appearance,bug_fix,high
12820,power_session,feature,high
12823,shell_ui,feature,medium
12826,shell_ui,feature,high
12828,cli_repo_misc,bug_fix,high
12829,audio_media,bug_fix,high
12831,security_auth,bug_fix,high
12832,security_auth,security,high
12833,security_auth,bug_fix,high
12834,security_auth,bug_fix,high
12835,install_update,bug_fix,high
12837,cli_repo_misc,bug_fix,high
12838,apps_packages,bug_fix,high
12839,apps_packages,bug_fix,high
12840,power_session,bug_fix,high
12841,apps_packages,bug_fix,high
12842,audio_media,bug_fix,high
12845,agents_ai,feature,high
12851,hyprland_windowing,bug_fix,high
12857,display_capture,bug_fix,high
12860,cli_repo_misc,bug_fix,high
12862,hyprland_windowing,bug_fix,high
12863,networking,feature,high
12864,terminal_dev_env,bug_fix,high
12865,agents_ai,feature,high
12866,networking,bug_fix,high
12867,shell_ui,bug_fix,high
12870,apps_packages,bug_fix,high
12877,shell_ui,bug_fix,high
12882,power_session,feature,high
12883,cli_repo_misc,refactor,high
12884,shell_ui,feature,high
12888,networking,bug_fix,high
12889,networking,feature,high
12890,hyprland_windowing,feature,high
12891,networking,feature,high
12892,cli_repo_misc,refactor,high
12893,security_auth,bug_fix,high
12894,power_session,bug_fix,high
12895,security_auth,bug_fix,high
12896,install_update,feature,high
12897,networking,feature,high
12900,cli_repo_misc,bug_fix,high
12901,audio_media,bug_fix,high
12903,display_capture,feature,high
12905,cli_repo_misc,bug_fix,high
12906,cli_repo_misc,bug_fix,high
12907,apps_packages,bug_fix,high
12909,networking,bug_fix,high
12912,security_auth,security,high
12913,theming_appearance,bug_fix,high
12914,security_auth,bug_fix,high
12916,cli_repo_misc,bug_fix,high
12919,power_session,bug_fix,high
12920,hyprland_windowing,bug_fix,high
12923,networking,feature,high
12925,networking,feature,high
12928,cli_repo_misc,bug_fix,high
12929,install_update,bug_fix,high
12931,theming_appearance,bug_fix,high
12932,install_update,bug_fix,high
12935,theming_appearance,bug_fix,high
12936,hardware_drivers,feature,high
12937,cli_repo_misc,bug_fix,high
12939,agents_ai,bug_fix,high
12943,shell_ui,bug_fix,high
12945,hardware_drivers,bug_fix,high
12946,power_session,bug_fix,high
12950,networking,feature,high
12952,shell_ui,security,high
12953,hardware_drivers,feature,high
12954,display_capture,bug_fix,high
12955,shell_ui,bug_fix,high
12956,cli_repo_misc,bug_fix,high
12957,security_auth,security,high
12958,audio_media,bug_fix,high
12960,display_capture,bug_fix,high
12961,hyprland_windowing,bug_fix,high
12962,display_capture,bug_fix,high
12963,shell_ui,bug_fix,high
12964,shell_ui,bug_fix,high
12965,terminal_dev_env,feature,high
12966,shell_ui,bug_fix,high
12967,shell_ui,bug_fix,high
12968,hardware_drivers,feature,high
12969,theming_appearance,bug_fix,high
12970,shell_ui,bug_fix,high
12971,apps_packages,bug_fix,high
12972,shell_ui,feature,high
12973,cli_repo_misc,bug_fix,high
12974,apps_packages,bug_fix,high
12975,power_session,feature,high
12977,audio_media,bug_fix,high
12978,hyprland_windowing,feature,high
12979,agents_ai,bug_fix,high
12981,cli_repo_misc,refactor,high
12982,shell_ui,feature,high
12983,cli_repo_misc,bug_fix,high
12984,agents_ai,bug_fix,high
12985,shell_ui,bug_fix,high
12986,agents_ai,bug_fix,high
12988,apps_packages,bug_fix,high
12991,cli_repo_misc,bug_fix,high
12992,cli_repo_misc,bug_fix,high
12995,theming_appearance,bug_fix,high
12996,cli_repo_misc,bug_fix,high
12997,hyprland_windowing,bug_fix,high
12998,theming_appearance,feature,high
12999,theming_appearance,bug_fix,high
13000,theming_appearance,feature,high
13001,security_auth,bug_fix,high
13003,cli_repo_misc,docs,high
13004,audio_media,bug_fix,high
13005,power_session,bug_fix,high
13006,cli_repo_misc,bug_fix,high
13007,hyprland_windowing,bug_fix,high
13008,shell_ui,bug_fix,high
13009,power_session,bug_fix,high
13012,shell_ui,bug_fix,high
13013,cli_repo_misc,feature,high
13014,security_auth,bug_fix,high
13016,power_session,bug_fix,high
13018,cli_repo_misc,bug_fix,high
13019,shell_ui,feature,high
13024,hardware_drivers,bug_fix,high
13028,terminal_dev_env,feature,high
13029,hardware_drivers,bug_fix,high
13031,shell_ui,feature,high
13033,hyprland_windowing,feature,high
13036,agents_ai,feature,high
13038,theming_appearance,performance,high
13039,hyprland_windowing,feature,high
13041,shell_ui,bug_fix,high
13042,power_session,feature,high
13043,shell_ui,feature,high
13046,theming_appearance,bug_fix,high
13047,cli_repo_misc,bug_fix,high
13048,security_auth,bug_fix,high
13049,security_auth,bug_fix,high
13052,agents_ai,feature,high
13055,install_update,bug_fix,high
13056,cli_repo_misc,docs,high
13059,agents_ai,bug_fix,high
13061,cli_repo_misc,bug_fix,high
13063,shell_ui,bug_fix,high
13064,shell_ui,bug_fix,high
13065,theming_appearance,bug_fix,high
13070,terminal_dev_env,feature,high
13071,terminal_dev_env,feature,high
13074,apps_packages,packaging,high
13075,apps_packages,feature,high
13076,power_session,bug_fix,high
13079,apps_packages,bug_fix,high
13082,hardware_drivers,bug_fix,high
13083,shell_ui,feature,high
13085,hardware_drivers,bug_fix,high
13086,shell_ui,bug_fix,high
13088,shell_ui,bug_fix,high
13090,terminal_dev_env,bug_fix,high
13092,theming_appearance,bug_fix,high
13093,install_update,bug_fix,high
13094,terminal_dev_env,bug_fix,high
13095,shell_ui,bug_fix,high
13096,shell_ui,bug_fix,high
13097,shell_ui,bug_fix,high
13099,audio_media,bug_fix,high
13100,shell_ui,bug_fix,high
13101,networking,bug_fix,high
13102,agents_ai,bug_fix,high
13103,hyprland_windowing,bug_fix,high
13104,shell_ui,bug_fix,high
13106,agents_ai,bug_fix,high
13107,networking,bug_fix,high
13109,agents_ai,bug_fix,high
13110,apps_packages,feature,high
13111,power_session,bug_fix,high
13112,networking,security,high
13113,shell_ui,feature,high
13114,shell_ui,bug_fix,high
13115,hardware_drivers,bug_fix,high
13116,terminal_dev_env,bug_fix,high
13117,terminal_dev_env,bug_fix,high
13120,theming_appearance,feature,high
13121,shell_ui,feature,high
13123,apps_packages,bug_fix,high
13126,shell_ui,bug_fix,high
13127,shell_ui,bug_fix,high
13128,security_auth,security,high
13129,hardware_drivers,bug_fix,high
13132,terminal_dev_env,bug_fix,high
13133,theming_appearance,bug_fix,high
13137,shell_ui,bug_fix,high
13138,shell_ui,feature,high
13139,shell_ui,feature,high
13140,shell_ui,feature,high
13141,shell_ui,bug_fix,high
13142,display_capture,bug_fix,high
13144,apps_packages,feature,high
13148,hardware_drivers,feature,high
13151,apps_packages,bug_fix,high
13154,apps_packages,bug_fix,high
13156,security_auth,bug_fix,high
13159,shell_ui,bug_fix,high
13161,shell_ui,feature,high
13165,shell_ui,bug_fix,high
13166,theming_appearance,feature,high
13176,power_session,bug_fix,high
13181,hardware_drivers,feature,high
13183,security_auth,feature,high
13186,cli_repo_misc,bug_fix,high
13187,hardware_drivers,feature,high
13189,hardware_drivers,bug_fix,high
13190,shell_ui,feature,high
13191,theming_appearance,feature,high
13192,hardware_drivers,feature,high
13193,shell_ui,refactor,high
13194,shell_ui,feature,high
13195,apps_packages,feature,high
13197,cli_repo_misc,feature,high
13198,agents_ai,feature,high
13200,networking,feature,high
13203,hyprland_windowing,feature,high
13204,shell_ui,bug_fix,high
13205,power_session,feature,high
13206,theming_appearance,feature,high
13209,agents_ai,bug_fix,high
13212,shell_ui,feature,high
13213,apps_packages,security,high
13214,cli_repo_misc,security,high
13215,security_auth,bug_fix,high
13216,shell_ui,bug_fix,high
13217,security_auth,feature,high
13219,agents_ai,feature,high
13221,shell_ui,bug_fix,high
13223,display_capture,bug_fix,high
13225,shell_ui,bug_fix,high
13227,security_auth,bug_fix,high
13228,cli_repo_misc,docs,high
13230,apps_packages,bug_fix,high
13232,shell_ui,bug_fix,high
13233,cli_repo_misc,docs,high
13234,terminal_dev_env,bug_fix,high
13235,terminal_dev_env,bug_fix,high
13236,terminal_dev_env,feature,high
13237,shell_ui,bug_fix,high
13238,display_capture,bug_fix,high
13239,networking,bug_fix,high
13240,apps_packages,bug_fix,high
13241,apps_packages,bug_fix,high
13242,apps_packages,bug_fix,high
13243,terminal_dev_env,bug_fix,high
13245,audio_media,feature,high
13246,theming_appearance,feature,high
13248,networking,feature,high
13253,hardware_drivers,security,high
13255,shell_ui,bug_fix,high
13258,hardware_drivers,bug_fix,high
13259,power_session,bug_fix,high
13260,hardware_drivers,bug_fix,high
13261,display_capture,feature,high
13262,apps_packages,feature,high
13263,cli_repo_misc,bug_fix,high
13267,cli_repo_misc,docs,high
13268,install_update,bug_fix,high
13272,shell_ui,feature,high
13276,hyprland_windowing,bug_fix,high
13277,shell_ui,feature,high
13280,networking,feature,high
13282,networking,feature,high
13283,security_auth,feature,high
13284,networking,feature,high
13286,display_capture,bug_fix,high
13292,hardware_drivers,bug_fix,high
13293,display_capture,feature,high
13298,hardware_drivers,bug_fix,high
13299,hardware_drivers,bug_fix,high
13305,shell_ui,bug_fix,high
13309,apps_packages,feature,high
13311,security_auth,security,high
13312,shell_ui,security,high
13313,cli_repo_misc,security,high
13314,shell_ui,bug_fix,high
13316,cli_repo_misc,bug_fix,high
13318,shell_ui,feature,high
13321,install_update,bug_fix,high
13327,terminal_dev_env,feature,high
13331,apps_packages,bug_fix,high
13332,display_capture,feature,high
13338,install_update,feature,high
13339,agents_ai,bug_fix,high
13340,shell_ui,refactor,high
13345,shell_ui,feature,high
13347,shell_ui,bug_fix,high
13351,install_update,bug_fix,high
13352,cli_repo_misc,bug_fix,high
13353,shell_ui,feature,high
13354,apps_packages,bug_fix,high
13359,apps_packages,bug_fix,high
13360,shell_ui,refactor,high
13362,cli_repo_misc,feature,high
13364,install_update,bug_fix,high
13366,cli_repo_misc,docs,high
13369,shell_ui,feature,high
13371,install_update,feature,high
13373,hardware_drivers,bug_fix,high
13377,security_auth,security,high
13378,terminal_dev_env,feature,high
13379,power_session,bug_fix,high
13380,hardware_drivers,feature,high
13383,hardware_drivers,feature,high
13386,terminal_dev_env,bug_fix,high
13389,hardware_drivers,docs,high
13390,shell_ui,refactor,high
13391,shell_ui,feature,high
13396,audio_media,bug_fix,high
13397,install_update,bug_fix,high
13405,audio_media,feature,high
13409,shell_ui,bug_fix,high
13412,shell_ui,feature,high
13426,hardware_drivers,bug_fix,high
13428,shell_ui,feature,high
13441,apps_packages,feature,high
13444,install_update,bug_fix,high
13446,terminal_dev_env,feature,high
13451,shell_ui,bug_fix,high
13458,agents_ai,bug_fix,high
13459,shell_ui,feature,high
13460,shell_ui,bug_fix,high
13461,hyprland_windowing,feature,high
13462,install_update,bug_fix,high
13463,shell_ui,feature,high
13464,agents_ai,bug_fix,high
13465,shell_ui,bug_fix,high
13466,hardware_drivers,bug_fix,high
13467,hardware_drivers,feature,high
13468,shell_ui,bug_fix,high
13469,shell_ui,bug_fix,high
13470,terminal_dev_env,bug_fix,high
13471,shell_ui,bug_fix,high
13472,install_update,docs,high
13473,shell_ui,feature,high
13474,terminal_dev_env,bug_fix,high
13475,shell_ui,bug_fix,high
13476,apps_packages,bug_fix,high
13477,shell_ui,bug_fix,high
13478,hardware_drivers,bug_fix,high
13479,install_update,bug_fix,high
13480,power_session,bug_fix,high
13481,apps_packages,feature,high
13482,shell_ui,bug_fix,high
13483,shell_ui,bug_fix,high
13486,audio_media,bug_fix,high
13490,shell_ui,bug_fix,high
13494,shell_ui,feature,high
13495,shell_ui,bug_fix,high
13496,theming_appearance,feature,high
13497,apps_packages,bug_fix,high
13498,shell_ui,bug_fix,high
13499,shell_ui,feature,high
13500,shell_ui,feature,high
13501,shell_ui,feature,high
13503,terminal_dev_env,bug_fix,high
13505,agents_ai,feature,high
13508,audio_media,feature,high
13509,shell_ui,bug_fix,high
13511,shell_ui,bug_fix,high
13512,shell_ui,bug_fix,high
13513,power_session,feature,high
13517,power_session,feature,high
13529,networking,feature,high
13531,display_capture,feature,high
13532,hardware_drivers,bug_fix,high
13533,networking,feature,high
13536,shell_ui,bug_fix,high
13538,install_update,feature,high
13539,hardware_drivers,bug_fix,high
13540,power_session,feature,high
13541,shell_ui,bug_fix,high
13542,hardware_drivers,bug_fix,high
13543,networking,bug_fix,high
13544,install_update,feature,high
13545,shell_ui,bug_fix,high
13546,shell_ui,feature,high
13548,agents_ai,feature,high
13552,cli_repo_misc,bug_fix,medium
13553,agents_ai,feature,high
13555,networking,bug_fix,high
13556,cli_repo_misc,bug_fix,high
13557,cli_repo_misc,bug_fix,high
13559,shell_ui,feature,medium
13560,audio_media,bug_fix,high
13561,cli_repo_misc,bug_fix,high
13563,install_update,feature,high
13564,shell_ui,bug_fix,high
13567,shell_ui,performance,high
13568,shell_ui,performance,high
13569,shell_ui,feature,high
13570,shell_ui,feature,high
13573,apps_packages,bug_fix,medium
13574,shell_ui,bug_fix,high
13575,security_auth,security,high
13576,hyprland_windowing,feature,high
13579,shell_ui,bug_fix,high
13580,shell_ui,bug_fix,high
13581,hyprland_windowing,bug_fix,high
13582,shell_ui,feature,high
13584,power_session,bug_fix,high
13585,display_capture,bug_fix,high
13587,power_session,bug_fix,high
13588,apps_packages,packaging,high
13590,shell_ui,feature,high
13593,shell_ui,bug_fix,high
13595,audio_media,feature,high
13598,networking,bug_fix,high
13600,hardware_drivers,bug_fix,high
13601,install_update,bug_fix,high
13602,install_update,bug_fix,high
13603,hyprland_windowing,bug_fix,high
13604,shell_ui,bug_fix,high
13605,display_capture,bug_fix,high
13606,shell_ui,bug_fix,high
13607,agents_ai,bug_fix,high
13608,install_update,bug_fix,high
13609,networking,bug_fix,high
13610,power_session,feature,high
13611,agents_ai,bug_fix,high
13612,security_auth,bug_fix,high
13613,shell_ui,bug_fix,high
13614,terminal_dev_env,bug_fix,high
13615,hardware_drivers,bug_fix,high
13616,install_update,bug_fix,high
13617,install_update,bug_fix,high
13618,install_update,bug_fix,high
13619,apps_packages,bug_fix,high
13620,networking,bug_fix,high
13621,agents_ai,bug_fix,high
13622,networking,bug_fix,high
13623,hardware_drivers,bug_fix,high
13624,hyprland_windowing,bug_fix,high
13625,power_session,bug_fix,medium
13626,cli_repo_misc,bug_fix,high
13627,shell_ui,bug_fix,high
13628,shell_ui,bug_fix,high
13629,install_update,bug_fix,high
13630,networking,feature,high
13631,shell_ui,performance,high
13632,shell_ui,bug_fix,high
13633,shell_ui,bug_fix,high
13634,hyprland_windowing,bug_fix,high
13635,hyprland_windowing,bug_fix,high
13636,shell_ui,bug_fix,high
13637,shell_ui,bug_fix,high
13638,hyprland_windowing,bug_fix,high
13639,audio_media,bug_fix,high
13640,power_session,bug_fix,high
13641,shell_ui,bug_fix,high
13642,shell_ui,bug_fix,high
13643,hyprland_windowing,bug_fix,high
13644,install_update,bug_fix,high
13645,shell_ui,bug_fix,high
13646,install_update,bug_fix,high
13647,shell_ui,bug_fix,high
13648,shell_ui,bug_fix,high
13649,terminal_dev_env,bug_fix,high
13650,agents_ai,bug_fix,high
13651,shell_ui,bug_fix,high
13652,security_auth,bug_fix,high
13653,shell_ui,feature,high
13654,hardware_drivers,bug_fix,high
13655,networking,bug_fix,high
13656,cli_repo_misc,bug_fix,high
13657,hyprland_windowing,bug_fix,high
13658,shell_ui,bug_fix,high
13659,hardware_drivers,bug_fix,high
13660,security_auth,security,high
13661,power_session,feature,high
13662,networking,bug_fix,high
13663,hardware_drivers,bug_fix,high
13664,apps_packages,feature,high
13665,hyprland_windowing,bug_fix,high
13666,networking,bug_fix,high
13667,networking,feature,high
13668,networking,bug_fix,high
13669,shell_ui,bug_fix,high
13670,shell_ui,bug_fix,high
13671,networking,bug_fix,high
13672,hardware_drivers,feature,high
13673,shell_ui,bug_fix,high
13674,apps_packages,bug_fix,high
13675,hardware_drivers,bug_fix,high
13676,shell_ui,bug_fix,high
13677,terminal_dev_env,bug_fix,high
13678,shell_ui,bug_fix,high
13679,shell_ui,bug_fix,high
13680,shell_ui,feature,high
13681,shell_ui,bug_fix,high
13684,display_capture,bug_fix,high
13685,apps_packages,bug_fix,high
13686,cli_repo_misc,refactor,high
13688,hyprland_windowing,bug_fix,high
13690,install_update,feature,high
13693,theming_appearance,bug_fix,high
13694,theming_appearance,bug_fix,high
13698,shell_ui,bug_fix,high
13699,install_update,bug_fix,high
13703,agents_ai,bug_fix,high
13705,install_update,bug_fix,high
13706,shell_ui,bug_fix,high
13709,hyprland_windowing,bug_fix,high
13710,apps_packages,bug_fix,high
13711,cli_repo_misc,bug_fix,high
13712,cli_repo_misc,bug_fix,high
13713,theming_appearance,bug_fix,high
13714,shell_ui,bug_fix,high
13715,display_capture,bug_fix,high
13716,cli_repo_misc,bug_fix,high
13717,cli_repo_misc,docs,high
13718,theming_appearance,bug_fix,high
13719,shell_ui,bug_fix,medium
13720,cli_repo_misc,docs,high
13721,install_update,bug_fix,high
13722,shell_ui,bug_fix,high
13723,cli_repo_misc,docs,high
13724,shell_ui,feature,medium
13725,display_capture,bug_fix,high
13728,hardware_drivers,bug_fix,high
13729,power_session,bug_fix,high
13730,shell_ui,bug_fix,high
13732,hyprland_windowing,feature,high
13734,agents_ai,feature,high
13735,cli_repo_misc,docs,high
13737,shell_ui,bug_fix,high
13738,shell_ui,bug_fix,high
13740,agents_ai,bug_fix,high
13742,cli_repo_misc,refactor,high
13743,shell_ui,feature,high
13744,hardware_drivers,bug_fix,high
13745,networking,feature,high
13747,display_capture,bug_fix,medium
13749,display_capture,bug_fix,high
13750,apps_packages,security,high
13751,shell_ui,bug_fix,high
13753,audio_media,performance,high
13755,display_capture,bug_fix,high
13756,shell_ui,bug_fix,high
13759,shell_ui,feature,high
13761,shell_ui,feature,high
13762,hardware_drivers,bug_fix,high
13763,apps_packages,packaging,high
13764,install_update,bug_fix,high
13765,install_update,bug_fix,high
13766,cli_repo_misc,bug_fix,high
13768,power_session,bug_fix,high
13769,terminal_dev_env,bug_fix,high
13772,shell_ui,feature,high
13775,shell_ui,bug_fix,high
13776,shell_ui,bug_fix,high
13777,agents_ai,bug_fix,high
13778,power_session,bug_fix,high
13780,agents_ai,feature,high
13781,terminal_dev_env,bug_fix,high
13782,power_session,bug_fix,high
13783,shell_ui,bug_fix,high
13784,shell_ui,bug_fix,high
13787,hyprland_windowing,bug_fix,high
13789,shell_ui,feature,high
13792,shell_ui,bug_fix,high
13796,security_auth,bug_fix,high
13797,power_session,performance,high
13799,cli_repo_misc,bug_fix,high
13800,apps_packages,security,high
13801,shell_ui,bug_fix,high
13802,shell_ui,bug_fix,high
13803,shell_ui,bug_fix,high
13804,shell_ui,bug_fix,high
13805,hardware_drivers,bug_fix,high
13806,networking,bug_fix,high
13807,audio_media,feature,high
13808,networking,bug_fix,high
13809,shell_ui,bug_fix,high
13810,cli_repo_misc,bug_fix,high
13811,networking,bug_fix,high
13813,audio_media,performance,high
13816,agents_ai,bug_fix,high
13817,cli_repo_misc,docs,high
13818,shell_ui,bug_fix,high
13819,security_auth,bug_fix,high
13820,hardware_drivers,feature,high
13824,display_capture,feature,high
13828,apps_packages,feature,high
13829,networking,bug_fix,high
13830,apps_packages,performance,high
13831,shell_ui,feature,high
13833,agents_ai,feature,high
13834,audio_media,feature,high
13835,shell_ui,bug_fix,high
13836,agents_ai,feature,high
13837,agents_ai,feature,high
13838,audio_media,feature,high
13841,shell_ui,feature,high
13842,shell_ui,bug_fix,high
13843,theming_appearance,bug_fix,high
13845,agents_ai,feature,high
13848,agents_ai,refactor,high
13850,shell_ui,bug_fix,high
13851,shell_ui,bug_fix,high
13856,agents_ai,bug_fix,high
13857,agents_ai,feature,high
13858,apps_packages,bug_fix,high
13859,agents_ai,feature,high
13860,agents_ai,feature,high
13861,power_session,feature,high
13862,shell_ui,feature,high
13867,networking,bug_fix,high
13868,agents_ai,feature,high
13870,agents_ai,feature,high
13871,agents_ai,feature,high
13872,agents_ai,feature,high
13874,agents_ai,feature,high
13875,networking,bug_fix,high
13878,install_update,bug_fix,high
13879,apps_packages,bug_fix,high
13881,audio_media,bug_fix,high
13883,shell_ui,feature,high
13885,hyprland_windowing,bug_fix,high
13886,shell_ui,bug_fix,high
13887,display_capture,feature,high
13888,hyprland_windowing,bug_fix,high
13889,apps_packages,packaging,high
13894,agents_ai,bug_fix,high
13895,cli_repo_misc,docs,high
13897,display_capture,bug_fix,high
13901,security_auth,bug_fix,high
13902,hardware_drivers,bug_fix,high
13903,shell_ui,bug_fix,high
13905,display_capture,feature,high
13907,shell_ui,bug_fix,high
13908,power_session,bug_fix,high
13909,hyprland_windowing,docs,high
13910,apps_packages,bug_fix,high
13911,shell_ui,bug_fix,high
13913,shell_ui,bug_fix,high
13914,shell_ui,bug_fix,high
13915,shell_ui,bug_fix,high
13916,shell_ui,bug_fix,high
13917,shell_ui,bug_fix,high
13918,security_auth,feature,high
13921,power_session,bug_fix,high
13923,hyprland_windowing,bug_fix,high
13924,cli_repo_misc,docs,high
13925,apps_packages,bug_fix,high
13926,terminal_dev_env,bug_fix,high
13928,hyprland_windowing,bug_fix,high
13929,audio_media,bug_fix,high
13930,shell_ui,feature,high
13933,theming_appearance,security,high
13934,theming_appearance,security,high
13935,apps_packages,security,high
13936,install_update,security,high
13937,install_update,security,high
13938,install_update,bug_fix,high
13939,terminal_dev_env,bug_fix,high
13941,apps_packages,feature,high
13945,shell_ui,bug_fix,high
13946,shell_ui,bug_fix,high
13947,networking,security,high
13949,hardware_drivers,feature,high
13950,shell_ui,feature,high
13951,cli_repo_misc,bug_fix,high
13952,cli_repo_misc,docs,high
13955,theming_appearance,bug_fix,high
13957,hyprland_windowing,feature,high
13961,shell_ui,bug_fix,high
13962,shell_ui,feature,high
13963,install_update,bug_fix,high
13964,shell_ui,security,high
13965,cli_repo_misc,bug_fix,high
13966,shell_ui,performance,high
13967,power_session,feature,high
13968,shell_ui,bug_fix,high
13969,shell_ui,bug_fix,high
13970,shell_ui,bug_fix,high
13971,shell_ui,feature,high
13976,cli_repo_misc,docs,high
13977,audio_media,feature,medium
13978,cli_repo_misc,bug_fix,high
13980,shell_ui,feature,high
13981,networking,bug_fix,high
13983,theming_appearance,bug_fix,high
13984,power_session,feature,high
13990,shell_ui,bug_fix,high
13993,agents_ai,feature,high
14001,apps_packages,bug_fix,high
14002,apps_packages,feature,high
14003,apps_packages,bug_fix,high
14006,apps_packages,feature,high
14008,hyprland_windowing,bug_fix,high
14009,cli_repo_misc,bug_fix,high
14019,agents_ai,feature,high
14021,shell_ui,bug_fix,high
14022,cli_repo_misc,bug_fix,high
14023,install_update,bug_fix,high
14026,networking,bug_fix,high
14027,apps_packages,bug_fix,high
14028,apps_packages,bug_fix,high
14031,cli_repo_misc,bug_fix,high
14034,terminal_dev_env,feature,high
14038,display_capture,bug_fix,high
14041,display_capture,bug_fix,high
14046,hyprland_windowing,feature,high
14051,agents_ai,bug_fix,high
14054,shell_ui,bug_fix,high
14055,shell_ui,bug_fix,high
14057,hardware_drivers,bug_fix,high
14059,power_session,feature,high
14060,agents_ai,feature,high
14066,hardware_drivers,bug_fix,high
14068,agents_ai,bug_fix,high
14070,cli_repo_misc,docs,high
14072,hardware_drivers,feature,high
14073,install_update,security,high
14076,hyprland_windowing,bug_fix,high
14077,apps_packages,feature,high
14078,cli_repo_misc,security,high
14082,audio_media,feature,high
14084,theming_appearance,bug_fix,high
14090,theming_appearance,feature,high
14092,apps_packages,bug_fix,high
14093,apps_packages,feature,high
14094,install_update,bug_fix,high
14096,agents_ai,bug_fix,high
14098,agents_ai,bug_fix,high
14099,agents_ai,bug_fix,high
14100,agents_ai,bug_fix,high
14103,agents_ai,bug_fix,high
14104,networking,bug_fix,high
14105,agents_ai,bug_fix,high
14107,shell_ui,feature,high
14108,cli_repo_misc,bug_fix,high
14109,cli_repo_misc,security,high
14110,security_auth,feature,high
14111,cli_repo_misc,other,low
14113,power_session,refactor,high
14114,terminal_dev_env,docs,high
14115,cli_repo_misc,docs,high
14116,install_update,bug_fix,high
14117,theming_appearance,performance,high
14118,theming_appearance,bug_fix,high
14121,apps_packages,feature,high
14122,shell_ui,bug_fix,high
14126,audio_media,feature,medium
14127,apps_packages,bug_fix,high
14128,hyprland_windowing,bug_fix,high
14129,cli_repo_misc,docs,high
14132,hyprland_windowing,feature,high
14135,cli_repo_misc,docs,high
14138,display_capture,security,high
14140,theming_appearance,bug_fix,high
14141,power_session,bug_fix,high
14146,apps_packages,bug_fix,high
14148,shell_ui,bug_fix,high
14149,agents_ai,feature,high
14153,shell_ui,bug_fix,high
14155,shell_ui,bug_fix,high
14157,hardware_drivers,bug_fix,high
14159,power_session,feature,high
14161,theming_appearance,bug_fix,high
14162,shell_ui,bug_fix,high
14165,install_update,feature,high
14166,agents_ai,feature,high
14169,apps_packages,bug_fix,high
14170,shell_ui,bug_fix,high
14171,hardware_drivers,feature,high
14177,install_update,feature,high
14178,apps_packages,bug_fix,high
14179,hyprland_windowing,bug_fix,high
14180,networking,bug_fix,high
14181,hyprland_windowing,bug_fix,high
14182,networking,bug_fix,high
14183,shell_ui,bug_fix,high
14184,theming_appearance,bug_fix,high
14185,power_session,bug_fix,high
14186,shell_ui,bug_fix,high
14187,shell_ui,bug_fix,high
14188,install_update,bug_fix,high
14190,shell_ui,bug_fix,high
14195,hardware_drivers,bug_fix,high
14199,theming_appearance,bug_fix,high
14200,shell_ui,bug_fix,high
14201,power_session,feature,high
14202,hyprland_windowing,feature,high
14203,hyprland_windowing,feature,high
14206,agents_ai,bug_fix,high
14210,theming_appearance,bug_fix,high
14211,shell_ui,bug_fix,high
14213,shell_ui,security,high
14215,cli_repo_misc,security,low
14216,cli_repo_misc,other,low
14217,apps_packages,bug_fix,high
14218,power_session,bug_fix,high
14220,shell_ui,performance,high
14224,shell_ui,bug_fix,high
14226,power_session,bug_fix,high
14228,hyprland_windowing,bug_fix,high
14231,agents_ai,bug_fix,high
14239,cli_repo_misc,other,low
14242,audio_media,feature,high
14245,theming_appearance,feature,high
14248,power_session,bug_fix,high
14250,agents_ai,feature,high
14252,hardware_drivers,bug_fix,high
14255,terminal_dev_env,feature,high
14257,power_session,bug_fix,high
14261,terminal_dev_env,bug_fix,high
14262,power_session,bug_fix,high
14263,theming_appearance,bug_fix,high
14264,shell_ui,bug_fix,high
14266,shell_ui,bug_fix,high
14268,theming_appearance,bug_fix,high
14269,networking,bug_fix,high
14270,theming_appearance,bug_fix,high
14273,power_session,feature,high
14275,cli_repo_misc,feature,high
14277,shell_ui,feature,high
14278,networking,bug_fix,high
14279,networking,bug_fix,high
14280,security_auth,bug_fix,high
14281,shell_ui,performance,high
14283,hyprland_windowing,feature,high
14286,shell_ui,performance,high
14287,theming_appearance,feature,high
14288,networking,bug_fix,high
14292,cli_repo_misc,docs,high
14297,agents_ai,feature,high
14298,agents_ai,bug_fix,high
14299,security_auth,feature,high
14300,shell_ui,bug_fix,high
14305,terminal_dev_env,feature,high
14307,cli_repo_misc,other,low
14309,shell_ui,feature,high
14311,theming_appearance,feature,high
14315,theming_appearance,feature,high
14317,agents_ai,bug_fix,high
14319,networking,bug_fix,high
14321,power_session,bug_fix,high
14322,power_session,bug_fix,high
14323,display_capture,feature,high
14324,terminal_dev_env,bug_fix,high
14331,shell_ui,bug_fix,high
14335,shell_ui,performance,high
14336,display_capture,feature,high
14337,install_update,bug_fix,high
14342,security_auth,feature,high
14343,terminal_dev_env,bug_fix,high
14346,display_capture,bug_fix,high
14347,display_capture,feature,high
14350,networking,bug_fix,high
14352,security_auth,bug_fix,high
14353,shell_ui,feature,high
14355,shell_ui,bug_fix,high
14356,theming_appearance,feature,high
14357,shell_ui,bug_fix,high
